rep	term	estimate	std.error	statistic	p.value	conf.low	conf.high	modelo	clase
Rep 1	claseCanónica	10.978066317124922	1.1332819451134655	9.686968335161984	4.300549699626614e-22	8.756600686179196	13.199531948070648	Sin covariable	Canónica
Rep 1	claseSolo no canónica	-3.648661831595578	0.7517136845148344	-4.8537919513204955	1.2298882839153572e-6	-5.122175216028866	-2.175148447162289	Sin covariable	Solo no canónica
Rep 1	claseSolo hebra opuesta	-2.943527271727663	0.9225668867934294	-3.1905841341851064	0.001424321665521336	-4.751948062420668	-1.1351064810346583	Sin covariable	Solo hebra opuesta
Rep 1	claseCanónica	13.505045034264205	1.1590736801071384	11.651584593842104	3.6104231313591396e-31	11.233022271062346	15.777067797466064	+ A/T (−50 a −1)	Canónica
Rep 1	claseSolo no canónica	-2.257280835380205	0.7625052747800841	-2.960347829765811	0.003080265323058904	-3.7519479744025515	-0.7626136963578589	+ A/T (−50 a −1)	Solo no canónica
Rep 1	claseSolo hebra opuesta	-1.4031621812338955	0.9325920317302523	-1.504583069008843	0.13246346901664	-3.231234340266914	0.424909977799123	+ A/T (−50 a −1)	Solo hebra opuesta
Rep 1	claseCanónica	13.55412933808232	1.1533380564085307	11.752087137651193	1.1225893202884582e-31	11.293349548401022	15.814909127763617	+ A/T proximal y del fragmento	Canónica
Rep 1	claseSolo no canónica	0.31836130598608664	0.8016373113546161	0.397138832582675	0.6912737189265106	-1.2530126915116737	1.8897353034838469	+ A/T proximal y del fragmento	Solo no canónica
Rep 1	claseSolo hebra opuesta	0.277150550367124	0.9431987599286905	0.2938410885825143	0.7688855480770247	-1.5717130003071533	2.126014101041401	+ A/T proximal y del fragmento	Solo hebra opuesta
Rep 2	claseCanónica	7.513059704831217	1.045867341145562	7.183568517018606	7.206961962413349e-13	5.46298364119783	9.563135768464603	Sin covariable	Canónica
Rep 2	claseSolo no canónica	-2.7572319868112465	0.6836033603123293	-4.03337980309445	5.533219874846155e-5	-4.097209659754574	-1.417254313867919	Sin covariable	Solo no canónica
Rep 2	claseSolo hebra opuesta	-3.5127627784072977	0.853545729228094	-4.1154945284350175	3.890198575854674e-5	-5.185856104746742	-1.8396694520678534	Sin covariable	Solo hebra opuesta
Rep 2	claseCanónica	10.030570461344315	1.0723180430743329	9.354100237450726	9.971846190276414e-21	7.928646549992411	12.132494372696218	+ A/T (−50 a −1)	Canónica
Rep 2	claseSolo no canónica	-1.2956027344559733	0.6966970772127776	-1.8596356678273884	0.06296236920360351	-2.661246309158939	0.07004084024699253	+ A/T (−50 a −1)	Solo no canónica
Rep 2	claseSolo hebra opuesta	-1.9960343689704447	0.863797024459224	-2.3107678221281818	0.0208631213086012	-3.689221975009457	-0.3028467629314324	+ A/T (−50 a −1)	Solo hebra opuesta
Rep 2	claseCanónica	10.126792379483202	1.0685438074150204	9.477189712962302	3.1171039568796918e-21	8.032266586676426	12.221318172289978	+ A/T proximal y del fragmento	Canónica
Rep 2	claseSolo no canónica	0.9764313420724373	0.7370111963156729	1.3248527932189202	0.18524606216230713	-0.46823470676741974	2.421097390912294	+ A/T proximal y del fragmento	Solo no canónica
Rep 2	claseSolo hebra opuesta	-0.5566396784648768	0.8748807195860042	-0.6362463659369246	0.5246284024442983	-2.271553208528987	1.1582738515992335	+ A/T proximal y del fragmento	Solo hebra opuesta
