motivo	rep	grupo	n	n_motivo	pct_motivo	HL	IC_inf	IC_sup	pval
CCAAT-box	Rep 1	Todos	9823	1843	18.762088974854933	0.20113088078647415	0.17442487510640886	0.228303086950347	3.3882962425750062e-50
CCAAT-box	Rep 1	Con isla CpG	6990	1339	19.15593705293276	0.21108763994872065	0.17721658477652683	0.24520178683856284	9.65598390437677e-35
CCAAT-box	Rep 1	Sin isla CpG	2833	504	17.790328273914575	0.16186518313386317	0.12316150875975969	0.20114252389157156	1.3820202867895337e-16
CCAAT-box	Rep 2	Todos	11613	2095	18.040127443382417	0.27251417681076456	0.23779585361600664	0.30731521632634357	1.206922653114097e-56
CCAAT-box	Rep 2	Con isla CpG	8056	1487	18.458291956305857	0.3124481690410972	0.2662255814527438	0.35917217559946396	1.6264449593928267e-42
CCAAT-box	Rep 2	Sin isla CpG	3557	608	17.093055946021927	0.18764184958547545	0.14260751537287913	0.23236852718928713	8.258532172562893e-17
GC-box	Rep 1	Todos	9823	4966	50.55482031965794	0.12704019939338818	0.10846603262040401	0.14556946250114522	3.0934785691184683e-41
GC-box	Rep 1	Con isla CpG	6990	3810	54.506437768240346	0.12595623590142804	0.1018693188064959	0.14999772486087487	8.870820299299523e-25
GC-box	Rep 1	Sin isla CpG	2833	1156	40.80480056477233	0.0575413962831114	0.03150499303670392	0.08377480436405059	1.562414481617914e-5
GC-box	Rep 2	Todos	11613	5726	49.306811332127786	0.16878351761713414	0.14552641200460498	0.19190594541170347	5.0046653198541056e-48
GC-box	Rep 2	Con isla CpG	8056	4362	54.145978152929494	0.18096899830012464	0.15010239546175236	0.21229036553254302	5.067552325526789e-31
GC-box	Rep 2	Sin isla CpG	3557	1364	38.34692156311498	0.047887957692668584	0.017995033526693092	0.07751612451006172	9.586869326215884e-4
