feature	rep	AUC	ci2.5	ci97.5
H3K122ac	Rep 1	0.45604195769513717	0.44451640478249344	0.4675675106077809
H3K9K14ac	Rep 1	0.4300584643768559	0.41745465018059635	0.44266227857311546
H3K9me3	Rep 1	0.4256701754385965	0.41338603075481023	0.4379543201223827
H3K27me3	Rep 1	0.43053588412869076	0.4175109030800749	0.44356086517730664
H2A.Z	Rep 1	0.4241027821098562	0.4116461642598234	0.43655939995988896
H3ac	Rep 1	0.42921955860307454	0.41693857917495697	0.4415005380311921
H4K8ac	Rep 1	0.4551365696407772	0.44273574738733407	0.46753739189422033
H2A.ZK4K7K11ac	Rep 1	0.4372884179593682	0.4252105228866831	0.44936631303205327
H3K9ac	Rep 1	0.4012780144197314	0.3857760685157036	0.41677996032375914
H3K27ac	Rep 1	0.38381222769382445	0.36012922541673714	0.40749522997091175
H3K4me1	Rep 1	0.40665806053193404	0.38968723173879366	0.4236288893250744
H3K4me2	Rep 1	0.4026141750644215	0.386013384346416	0.41921496578242695
H3K4me3	Rep 1	0.3783625468164794	0.35816544386306726	0.39855964976989156
H4ac	Rep 1	0.4557563425941991	0.4442603455429233	0.4672523396454749
H3.3	Rep 1	0.4843401408031681	0.4627184054781354	0.5059618761282009
H2A.XS139ph	Rep 1	0.4605026421350687	0.4466401547942671	0.4743651294758703
H4K5K8ac	Rep 1	0.4528556556143224	0.4413278739546313	0.4643834372740135
H3K18ac	Rep 1	0.4262987526801665	0.4135197652377158	0.4390777401226172
H3K18cr	Rep 1	0.44927095892613134	0.43783651475989604	0.46070540309236663
H3K56ac	Rep 1	0.4656687638062948	0.4542624742335114	0.4770750533790782
H4K12ac	Rep 1	0.47793614270213103	0.4625173191193473	0.49335496628491476
H3K36me3	Rep 1	0.43474744571142776	0.4218644781079007	0.44763041331495484
H2A.Zac	Rep 1	0.4157659413663443	0.4026578192162112	0.42887406351647744
H4K4me3	Rep 1	0.46926705868029184	0.45521215156191985	0.4833219657986638
H2BK5ac	Rep 1	0.4841078304178562	0.4708867350621561	0.4973289257735563
H3K28ac	Rep 1	0.49448964622961766	0.474197101467625	0.5147821909916104
H3	Rep 1	0.47891939880966	0.4418881846452586	0.5159506129740614
H3K14ac	Rep 1	0.4730264402814333	0.455844114015577	0.4902087665472896
H3K5ac	Rep 1	0.47083794344924484	0.45286365013352486	0.4888122367649648
H4K5K8K12ac	Rep 1	0.4634415549453508	0.42869483615864035	0.4981882737320612
H2BK15ac	Rep 1	0.396949146261245	0.3481893074801162	0.44570898504237383
H3K36ac	Rep 1	0.469905634794734	0.45812048391441823	0.4816907856750498
H4K5K8K12K16ac	Rep 1	0.47850877192982455	0.46089050328160214	0.49612704057804696
H4K16ac	Rep 1	0.4712013042300569	0.45829529912127565	0.48410730933883817
H3K79me2	Rep 1	0.4895358036249072	0.47586853403190815	0.5032030732179061
H3K31ac	Rep 1	0.4855649640861989	0.47078589270691723	0.5003440354654806
H4K5ac	Rep 1	0.4626090004697425	0.45094053824755803	0.474277462691927
H3K23ac	Rep 1	0.49537721893491127	0.46425840090634546	0.5264960369634771
H3K4ac	Rep 1	0.477350232994018	0.46145319653566014	0.4932472694523759
H2A.ZK4K7ac	Rep 1	0.4619161111111111	0.44151040675007625	0.4823218154721459
H4K5K8K16ac	Rep 1	0.5003385146804836	0.4569829582863255	0.5436940710746417
H2AK9ac	Rep 1	0.5024182234332425	0.4782530116135699	0.5265834352529151
H4K20me3	Rep 1	0.4749746052267061	0.45131061065450245	0.49863859979890973
HINFP	Rep 1	0.45498125	0.4151244298697847	0.4948380701302153
H3K29ac	Rep 1	0.4918157543104374	0.4628890738995096	0.5207424347213652
H2BK120ac	Rep 1	0.5055319918808064	0.4658227289009599	0.545241254860653
H2BK20ac	Rep 1	0.5086812626002556	0.47128430708019203	0.5460782181203192
H3K32ac	Rep 1	0.48312848089908056	0.46413602843270996	0.5021209333654512
H3K9la	Rep 1	0.45796344855377685	0.42496239627210297	0.49096450083545073
H3K122ac	Rep 2	0.4845630783210268	0.47398793045942633	0.49513822618262726
H3K9K14ac	Rep 2	0.45989536053513586	0.4484947692503879	0.4712959518198838
H3K9me3	Rep 2	0.45954498066103727	0.44834091290548034	0.4707490484165942
H3K27me3	Rep 2	0.46674958529494753	0.45490887626029075	0.4785902943296043
H2A.Z	Rep 2	0.45991823516782365	0.44863512619637064	0.47120134413927667
H3ac	Rep 2	0.46604541149747464	0.4549222250143822	0.4771685979805671
H4K8ac	Rep 2	0.4788914254541824	0.46742719865659077	0.490355652251774
H2A.ZK4K7K11ac	Rep 2	0.47175459272977943	0.46080877031273254	0.4827004151468263
H3K9ac	Rep 2	0.4445514294072081	0.4306845570839381	0.4584183017304781
H3K27ac	Rep 2	0.4501626283928482	0.4289701331899133	0.47135512359578313
H3K4me1	Rep 2	0.44446148299615207	0.42940088672092686	0.4595220792713773
H3K4me2	Rep 2	0.4493596509792984	0.4345168200666188	0.46420248189197805
H3K4me3	Rep 2	0.43590682246317825	0.41773788826232877	0.4540757566640277
H4ac	Rep 2	0.4799796860040726	0.4694246650997429	0.4905347069084023
H3.3	Rep 2	0.48167867126712616	0.4615573928225399	0.5017999497117124
H2A.XS139ph	Rep 2	0.5070094322927762	0.49381609897408585	0.5202027656114665
H4K5K8ac	Rep 2	0.48709672941307125	0.47652503954367625	0.49766841928246625
H3K18ac	Rep 2	0.4662916381695014	0.4546930633437554	0.4778902129952474
H3K18cr	Rep 2	0.47118913263643136	0.4606187934902471	0.48175947178261563
H3K56ac	Rep 2	0.47983176864668475	0.46930786156950416	0.49035567572386535
H4K12ac	Rep 2	0.4841428071097102	0.469885234832845	0.4984003793865754
H3K36me3	Rep 2	0.4673153106201503	0.4556381963499284	0.4789924248903722
H2A.Zac	Rep 2	0.45829675063891934	0.4464684578327943	0.47012504344504435
H4K4me3	Rep 2	0.4769581845179659	0.46383114294976135	0.49008522608617044
H2BK5ac	Rep 2	0.49760643308982705	0.4852272498747553	0.5099856163048988
H3K28ac	Rep 2	0.5015047666668239	0.48263527417195057	0.5203742591616971
H3	Rep 2	0.5178529967056339	0.4842248006375159	0.551481192773752
H3K14ac	Rep 2	0.48187047686058965	0.4656025137483263	0.498138439972853
H3K5ac	Rep 2	0.5056520684134157	0.4887092442446618	0.5225948925821696
H4K5K8K12ac	Rep 2	0.48011610367052154	0.448955871372222	0.5112763359688212
H2BK15ac	Rep 2	0.4743948040773917	0.429020380800106	0.5197692273546775
H3K36ac	Rep 2	0.48637984740433454	0.475449962013534	0.4973097327951351
H4K5K8K12K16ac	Rep 2	0.4960927615076086	0.47972377290279034	0.5124617501124269
H4K16ac	Rep 2	0.492296797660668	0.4802583352817594	0.5043352600395766
H3K79me2	Rep 2	0.500735645955421	0.48784898598706766	0.5136223059237742
H3K31ac	Rep 2	0.5075207739327784	0.4937220596930228	0.521319488172534
H4K5ac	Rep 2	0.493972331137766	0.4831319248260709	0.5048127374494611
H3K23ac	Rep 2	0.4895324658340417	0.4604980369338745	0.5185668947342089
H3K4ac	Rep 2	0.5057122384721485	0.4906527243950645	0.5207717525492326
H2A.ZK4K7ac	Rep 2	0.4843432252955891	0.4657411952325929	0.5029452553585853
H4K5K8K16ac	Rep 2	0.46480732645731493	0.423651466416212	0.5059631864984179
H2AK9ac	Rep 2	0.5173515547213481	0.4949710342616066	0.5397320751810896
H4K20me3	Rep 2	0.46930653952143847	0.4479373967512806	0.49067568229159636
HINFP	Rep 2	0.49923123314180434	0.46018240345617945	0.5382800628274292
H3K29ac	Rep 2	0.5127603871487765	0.4856572346577741	0.5398635396397788
H2BK120ac	Rep 2	0.5122231120273123	0.4756240447021806	0.5488221793524439
H2BK20ac	Rep 2	0.48511273314412695	0.4513666141941363	0.5188588520941175
H3K32ac	Rep 2	0.5088734905816715	0.49095287075942134	0.5267941104039217
H3K9la	Rep 2	0.463628403479291	0.43236446716941407	0.49489233978916797
