feature	rep	val	estimate	pval	pval_corr
NFYA (ReMap)	Rep 1	P97.5	0.2705929722314972	0	0
NFYA (ReMap)	Rep 1	estimate	0.2518423553912906	0	0
SP2 (ReMap)	Rep 1	P97.5	0.24583236695321053	0	0
SP2 (ReMap, HEK293)	Rep 1	P97.5	0.24365932877679983	0	0
NFYA (ReMap)	Rep 1	P2.5	0.23330134197924338	0	0
CCAAT-box	Rep 1	P97.5	0.22829891569247682	0	0
SP2 (ReMap)	Rep 1	estimate	0.2258309896276503	0	0
SP2 (ReMap, HEK293)	Rep 1	estimate	0.2236847973135218	0	0
SP1 (ReMap)	Rep 1	P97.5	0.2162108962357212	0	0
SP1 (ReMap, HEK293)	Rep 1	P97.5	0.21374687524245822	0	0
SP2 (ReMap)	Rep 1	P2.5	0.2059407798684338	0	0
SP2 (ReMap, HEK293)	Rep 1	P2.5	0.20380913186211191	0	0
CCAAT-box	Rep 1	estimate	0.20114056728552665	0	0
SP1 (ReMap, HEK293)	Rep 1	estimate	0.19488907992710236	0	0
SP1 (ReMap)	Rep 1	estimate	0.19415333900307405	0	0
SP1 (ReMap, HEK293)	Rep 1	P2.5	0.17626211475507764	0	0
CCAAT-box	Rep 1	P2.5	0.17442080610680427	0	0
SP1 (ReMap)	Rep 1	P2.5	0.17251690914154613	0	0
GC-box	Rep 1	P97.5	0.14557401419970942	0	0
GC-box	Rep 1	estimate	0.12704156126293184	0	0
GC-box	Rep 1	P2.5	0.10846815432023525	0	0
NFYA (ReMap)	Rep 2	P97.5	0.3761039246589295	0	0
NFYA (ReMap)	Rep 2	estimate	0.35291947259909545	0	0
NFYA (ReMap)	Rep 2	P2.5	0.32966992975928494	0	0
SP2 (ReMap)	Rep 2	P97.5	0.3268569754326882	0	0
SP2 (ReMap, HEK293)	Rep 2	P97.5	0.32515988693459735	0	0
CCAAT-box	Rep 2	P97.5	0.3073046917511268	0	0
SP2 (ReMap)	Rep 2	estimate	0.3021590565532155	0	0
SP2 (ReMap, HEK293)	Rep 2	estimate	0.300498724456834	0	0
SP1 (ReMap, HEK293)	Rep 2	P97.5	0.2984783439356037	0	0
SP1 (ReMap)	Rep 2	P97.5	0.29565116571406147	0	0
SP2 (ReMap)	Rep 2	P2.5	0.2781258552766603	0	0
SP2 (ReMap, HEK293)	Rep 2	P2.5	0.276503963165295	0	0
SP1 (ReMap, HEK293)	Rep 2	estimate	0.27543776810704146	0	0
CCAAT-box	Rep 2	estimate	0.2725260717163415	0	0
SP1 (ReMap)	Rep 2	estimate	0.26938096462085415	0	0
SP1 (ReMap, HEK293)	Rep 2	P2.5	0.25249096649753067	0	0
SP1 (ReMap)	Rep 2	P2.5	0.24332158101859855	0	0
CCAAT-box	Rep 2	P2.5	0.23781376340016266	0	0
GC-box	Rep 2	P97.5	0.19188740783170982	0	0
GC-box	Rep 2	estimate	0.16877549427701727	0	0
GC-box	Rep 2	P2.5	0.14553287714673716	0	0
