variable	mean_estimate	mean_pval	disp_estimate	disp_pval	mean_padj	disp_padj
LINE	0.13030119553367836	5.790508444219146e-16	-0.036969843991823334	0.23737885701531788	1.029423723416737e-15	0.2712901223032204
SINE	0.08197533844797	6.924218460807727e-15	0.04108025239087514	0.06187506206148753	1.1661841618202486e-14	0.08250008274865003
LTR	0.3329636068236517	1.691785535398435e-60	-0.09118163822121603	0.015066561764716711	7.733876733249989e-60	0.030133123529433422
Alto contenido G+C	-0.06762543960067374	2.1287329786767117e-40	0.01805104887075361	0.08339486874187259	6.192677756150434e-40	0.10674543198959692
Sin actividad en ratón	0.06898523372936019	8.994722734090948e-14	0.09057146978775195	5.623872926162128e-6	1.3706244166233825e-13	1.799639336371881e-5
Insertado en humanos	0.12824593511665597	1.1414929577846588e-16	0.04307096887751722	0.2261886120525839	2.1486926264181812e-16	0.2680753920623216
Elementos transponibles	0.1526318564166974	1.569987708603548e-77	-0.04718438392061891	0.0031321369686157494	1.0047921335062707e-76	0.007159170213978856
Repeticiones de baja complejidad	-0.06442464964951164	3.6203537013072897e-28	-0.0028303520188477493	0.8146547642512064	8.91163988014102e-28	0.8146547642512064
Alta conservación (16 a -50pb)	-0.07360429272558894	2.394925614457635e-50	0.021120883980832242	0.03955490808724033	8.515291073627146e-50	0.06027414565674717
Alta conservación (-50 a -150)	-0.06394282074499757	1.7280602104094596e-37	-0.02280755883530834	0.02616229440342563	4.608160561091892e-37	0.04406281162682211
Alta conservación (-150 a -235)	-0.028067439436426415	2.1867775095221593e-8	-0.020141751671026005	0.04936387071196115	3.1807672865776864e-8	0.07046300642659978
TATA-box	-0.04818041786612607	2.1820930490749865e-6	-0.15697932866531022	3.662876716613831e-17	2.9094573987666483e-6	1.4651506866455324e-16
CCAAT	0.055179224164174555	6.341415859835463e-20	0.004623902745302774	0.7119432247011549	1.2682831719670926e-19	0.7349091351753857
GC-box	-0.01336959812214579	0.005205024222435488	0.037131599759723626	1.436469698378846e-4	0.005743475004066746	3.8305858623435894e-4
Islas CpG	-0.07854044839944894	3.105402277419943e-45	0.11383254059728681	2.3156249444034596e-27	9.937287287743819e-45	1.2349999703485117e-26
Retrotransposón	0.08841136258114755	8.705179733239054e-4	0.03964079505766074	0.47726840315259167	9.94877683798749e-4	0.5090862966960977
TCT	-0.028674671398544124	2.054043151803357e-6	0.030251209434113406	0.017278593134547514	2.8577991677264096e-6	0.030717498905862246
CG en TSS	-0.022063341458456474	4.801516939367291e-4	0.03199252027840578	0.016127618817783844	5.690686742953826e-4	0.030357870715828413
TA en TSS	-0.01895999490931083	0.02103417835585413	0.07139695630979091	7.16682299313089e-5	0.022436456912911074	2.0848939616380772e-4
TG en TSS	-0.015449589186932577	0.024093504464023193	0.019537302452288727	0.1723006552750348	0.024870714285443296	0.21206234495388898
CA en TSS	-0.03661815625624908	8.09864154216515e-14	-0.007370727293032592	0.46443295786071753	1.295782646746424e-13	0.5090862966960977
TSS no canónico	0.11148437175659977	1.09405445788942e-69	-0.024570841450863405	0.050645285869118595	5.834957108743573e-69	0.07046300642659978
TSS fuerte	-0.02841291728260973	2.683945003322398e-5	-0.02972488330268641	0.029760258313227435	3.435449604252669e-5	0.047616413301163896
No detectado (FANTOM5)	0.45714316409651934	0	0.33818825874489794	2.7397421786336036e-63	0	2.191793742906883e-62
Alta especificidad tisular	0.02131862301832202	1.3491769474549656e-4	-0.1751675409494213	1.480852754227219e-58	1.660525473790727e-4	9.477457627054203e-58
Baja especificidad tisular	-0.051083794503105316	1.0919107366771767e-23	0.2239985570422919	3.703566030211882e-89	2.329409571577977e-23	5.925705648339012e-88
Promotores angostos	0.13367957202095263	1.0918766250592269e-120	-0.10199329103128515	4.703911940419728e-19	1.1646684000631752e-119	2.1503597441918757e-18
Promotores anchos	-0.08143318654833695	5.325673888574085e-53	0.059639690540486345	2.6610267514307884e-7	2.130269555429634e-52	9.461428449531692e-7
Alta actividad en HEK293	-0.23301750715790667	0	0.2809874009696967	1.960880831013699e-122	0	6.274818659243837e-121
Alta accesibilidad de cromatina (DNase-seq)	-0.005951180050896931	0.2539685157326202	0.20431238228854381	6.770407878787424e-80	0.2539685157326202	7.221768404039919e-79
Enhancers a 50kb	-0.055002052884990514	1.1835483521554587e-27	-0.032936496473989094	0.0018024013175084346	2.705253376355334e-27	0.004436680166174609
Sin módulo cis-regulatorio	0.4550674134542443	6.624855212625473e-120	0.1186552656136387	0.007057179131023396	5.299884170100378e-119	0.015055315479516579
