estrato	rep	estimate	conf.low	conf.high	p	clase	n	n_ref	p_adj	efecto
Angostos (tercil inferior de interquantile_width)	Rep 1	0.3629653983760589	0.29450037370521936	0.43638821940680966	2.623342173229816e-28	Canónica	481	1430	7.870026519689448e-28	Mayor actividad
Angostos (tercil inferior de interquantile_width)	Rep 1	-0.05719298391402532	-0.09578791927750394	-0.019188798485568887	0.0030293055546973336	Solo no canónica	561	1430	0.004543958332046001	Menor actividad
Angostos (tercil inferior de interquantile_width)	Rep 1	-0.026216741632769873	-0.07078965597161559	0.01869192671287963	0.2539691313232662	Solo hebra opuesta	352	1430	0.2539691313232662	n.s.
Angostos (tercil inferior de interquantile_width)	Rep 2	0.36131855521397593	0.27975788524627704	0.44629652938723197	2.3416322053027203e-22	Canónica	569	1612	7.024896615908161e-22	Mayor actividad
Angostos (tercil inferior de interquantile_width)	Rep 2	-0.03132765430756404	-0.07551375061257717	0.005597185938232818	0.11794815449796119	Solo no canónica	709	1612	0.11794815449796119	n.s.
Angostos (tercil inferior de interquantile_width)	Rep 2	-0.07065457424611926	-0.12307582618776619	-0.019556916402507216	0.0051131720272162414	Solo hebra opuesta	412	1612	0.007669758040824362	Menor actividad
Con isla CpG (CGI_frag)	Rep 1	0.38477699934926696	0.3095576440072914	0.46549919645829274	9.434007531140755e-27	Canónica	429	4667	2.8302022593422265e-26	Mayor actividad
Con isla CpG (CGI_frag)	Rep 1	-0.0028606332098565198	-0.03478460057060104	0.029047945258436108	0.8576920893640005	Solo no canónica	1164	4667	0.8576920893640005	n.s.
Con isla CpG (CGI_frag)	Rep 1	-0.022001295466595024	-0.05982857933945121	0.015617972129228715	0.25097937287839667	Solo hebra opuesta	730	4667	0.376469059317595	n.s.
Con isla CpG (CGI_frag)	Rep 2	0.4189602234976031	0.32686074369142754	0.5133231889059662	4.792409461781465e-21	Canónica	485	5387	1.4377228385344395e-20	Mayor actividad
Con isla CpG (CGI_frag)	Rep 2	0.004542746208329463	-0.03169767843401932	0.04558218946781297	0.752800599560355	Solo no canónica	1345	5387	0.752800599560355	n.s.
Con isla CpG (CGI_frag)	Rep 2	-0.037616534444099646	-0.08677158892908969	0.007875858517028867	0.11783029873115612	Solo hebra opuesta	839	5387	0.17674544809673418	n.s.
Sin isla CpG (CGI_frag)	Rep 1	0.16264396271889472	0.10437605463016844	0.22281593561419996	2.1178988854767056e-8	Canónica	286	1380	6.353696656430116e-8	Mayor actividad
Sin isla CpG (CGI_frag)	Rep 1	-0.04862274919899506	-0.07910433908605259	-0.01849463984114887	0.0016180359001670766	Solo no canónica	749	1380	0.002427053850250615	Menor actividad
Sin isla CpG (CGI_frag)	Rep 1	-0.010810924207130727	-0.045964015274173	0.024488089039105952	0.5502354169203157	Solo hebra opuesta	418	1380	0.5502354169203157	n.s.
Sin isla CpG (CGI_frag)	Rep 2	0.1228924331519302	0.060693990520347865	0.1885306407755068	6.772531286311345e-5	Canónica	363	1656	2.0317593858934036e-4	Mayor actividad
Sin isla CpG (CGI_frag)	Rep 2	-0.005751518977191547	-0.03897777287796397	0.02300634562829575	0.6397985426811617	Solo no canónica	1022	1656	0.6397985426811617	n.s.
Sin isla CpG (CGI_frag)	Rep 2	-0.015906360470991955	-0.056331000452575844	0.020613713771826192	0.37951216383672437	Solo hebra opuesta	516	1656	0.5692682457550866	n.s.
Todos	Rep 1	0.23945268224492255	0.19008861033868138	0.2906587588014809	9.665248932473712e-23	Canónica	715	6047	2.8995746797421134e-22	Mayor actividad
Todos	Rep 1	-0.05797578071176502	-0.08129912301094351	-0.03466896854956883	1.0854520120223312e-6	Solo no canónica	1913	6047	1.6281780180334968e-6	Menor actividad
Todos	Rep 1	-0.04583731053478577	-0.07344261509146544	-0.018170229153195713	0.0011517658000940226	Solo hebra opuesta	1148	6047	0.0011517658000940226	Menor actividad
Todos	Rep 2	0.21070659676818318	0.15116781490231004	0.2715768985648206	2.0881444426382397e-13	Canónica	848	7043	6.264433327914719e-13	Mayor actividad
Todos	Rep 2	-0.05560188371123714	-0.08395968229146837	-0.02713329810175865	4.941747379837101e-5	Solo no canónica	2367	7043	4.941747379837101e-5	Menor actividad
Todos	Rep 2	-0.07152612632626647	-0.10620336236425064	-0.03695746364377045	2.8132544872382613e-5	Solo hebra opuesta	1355	7043	4.219881730857392e-5	Menor actividad
