rep	hebra	win	estimate	conf.low	conf.high	p	n	n_ref	prop	p_adj	seg	win_center	sig
Rep 1	Misma hebra	-233	-0.027606898444254964	-0.09843232480865566	0.0433248742829701	0.44618642680477766	176	6047	0.01791713325867861	0.5205508312722407	Misma hebra 1	-228.5	FALSE
Rep 1	Misma hebra	-223	0.009906328990158001	-0.06462554167797561	0.08521002169270982	0.7976843681141434	150	6047	0.015270284027282907	0.8685896452798451	Misma hebra 1	-218.5	FALSE
Rep 1	Misma hebra	-213	-0.00827000671961461	-0.0814695661006229	0.06491851417536924	0.8197354936918169	159	6047	0.016186501068919883	0.8731965041499788	Misma hebra 1	-208.5	FALSE
Rep 1	Misma hebra	-203	-0.05158457342658012	-0.12293791322925667	0.019748243458815876	0.1576314283699268	174	6047	0.017713529471648174	0.2574646663375471	Misma hebra 1	-198.5	FALSE
Rep 1	Misma hebra	-193	-0.03429189140683014	-0.10242836210741037	0.03392078598119383	0.3250183336540415	173	6047	0.017611727578132952	0.41910258813284296	Misma hebra 1	-188.5	FALSE
Rep 1	Misma hebra	-183	-0.058425894036325116	-0.13406100578222613	0.018284945748927597	0.1337136127463447	158	6047	0.016084699175404664	0.23161590791264006	Misma hebra 1	-178.5	FALSE
Rep 1	Misma hebra	-173	-0.05791817307585993	-0.13462520978992584	0.018536667599777054	0.13707880264217473	137	6047	0.013946859411585055	0.23161590791264006	Misma hebra 1	-168.5	FALSE
Rep 1	Misma hebra	-163	-0.0756305447323014	-0.15670747167803317	0.004082225590524768	0.06303243840138063	120	6047	0.012216227221826326	0.14707568960322148	Misma hebra 1	-158.5	FALSE
Rep 1	Misma hebra	-153	-0.04888219580963405	-0.12760479138344247	0.03008980820091137	0.220078938807302	130	6047	0.01323424615697852	0.3267838788350848	Misma hebra 1	-148.5	FALSE
Rep 1	Misma hebra	-143	-0.007797528711811108	-0.08558002148725061	0.07162562942559118	0.8445774911172549	141	6047	0.014354066985645933	0.8805169588243722	Misma hebra 1	-138.5	FALSE
Rep 1	Misma hebra	-133	-0.0684432227263524	-0.15475579356031544	0.01796430766778515	0.1193065344214714	117	6047	0.011910821541280668	0.23158168796053324	Misma hebra 1	-128.5	FALSE
Rep 1	Misma hebra	-123	-0.1478875846735072	-0.2295074993886728	-0.06708069720686569	3.3638824747731015e-4	114	6047	0.01160541586073501	0.004120756031597049	Misma hebra 1	-118.5	TRUE
Rep 1	Misma hebra	-113	-0.11353264457720062	-0.20138086920377996	-0.02456777178159805	0.012479122661874875	106	6047	0.010791000712613255	0.043676929316562065	Misma hebra 1	-108.5	TRUE
Rep 1	Misma hebra	-103	-0.0648766438028192	-0.14671614353449067	0.0172818483918891	0.12288007932599723	120	6047	0.012216227221826326	0.23158168796053324	Misma hebra 1	-98.5	FALSE
Rep 1	Misma hebra	-93	-0.11009105524594105	-0.19351412527260092	-0.026751218205763615	0.009330836574520222	101	6047	0.010281991245037158	0.03517007631934545	Misma hebra 1	-88.5	TRUE
Rep 1	Misma hebra	-83	-0.07176224995433689	-0.16174212114191527	0.01831647652906483	0.11757306521994282	101	6047	0.010281991245037158	0.23158168796053324	Misma hebra 1	-78.5	FALSE
Rep 1	Misma hebra	-73	-0.057541440521171064	-0.15159685237960244	0.03814286416096221	0.23562933516680754	106	6047	0.010791000712613255	0.32988106923353055	Misma hebra 1	-68.5	FALSE
Rep 1	Misma hebra	-63	-3.219136923345639e-4	-0.12142439715249435	0.12776062283653197	0.9945711776823607	68	6047	0.006922528759034918	0.9945711776823607	Misma hebra 1	-58.5	FALSE
Rep 1	Misma hebra	-53	-0.1989555240687696	-0.30437046917689903	-0.09847407106211882	1.2406694859887264e-4	64	6047	0.0065153211849740406	0.0020264268271149195	Misma hebra 1	-48.5	TRUE
Rep 1	Misma hebra	-43	-0.1864743638406685	-0.3094985375401913	-0.06239079286879014	0.0036379057078571595	54	6047	0.005497302249821846	0.016205216335000074	Misma hebra 1	-38.5	TRUE
Rep 1	Misma hebra	-33	0.2307216652303927	0.1825242456751252	0.2805885989797467	3.6316842038771975e-22	738	6047	0.07512979741423191	1.779525259899827e-20	Misma hebra 1	-28.5	TRUE
Rep 1	Misma hebra	-23	-0.14358995513818792	-0.26833687197029527	-0.02448209192478235	0.01786668994588337	41	6047	0.004173877634123995	0.051498106314605004	Misma hebra 1	-18.5	FALSE
Rep 1	Misma hebra	-13	-0.06261151475701969	-0.18188877942921466	0.058274686198393315	0.2995466914285604	51	6047	0.005191896569276188	0.39669696972971513	Misma hebra 1	-8.5	FALSE
Rep 1	Misma hebra	-3	-0.11818373919363352	-0.2592466642960825	0.028828301724663035	0.11159365928678561	42	6047	0.004275679527639214	0.23158168796053324	Misma hebra 1	1.5	FALSE
Rep 1	Hebra opuesta	-233	-0.004861520241313727	-0.13555742701925858	0.13156905443587238	0.9406763446318099	46	6047	0.004682887101700091	0.9602737684783059	Hebra opuesta 1	-228.5	FALSE
Rep 1	Hebra opuesta	-223	-0.11730593566487625	-0.18514452057627173	-0.05017135919232961	6.381628327731204e-4	154	6047	0.015677491601343786	0.00625399576117658	Hebra opuesta 1	-218.5	TRUE
Rep 1	Hebra opuesta	-213	0.02346485444018978	-0.04434814732208155	0.09145164422309192	0.497266368541134	175	6047	0.017815331365163393	0.5537739104208083	Hebra opuesta 1	-208.5	FALSE
Rep 1	Hebra opuesta	-203	-0.06651215606868506	-0.1280680839491569	-0.005553162241955146	0.0323979861119735	196	6047	0.019953171128983	0.0881945177492612	Hebra opuesta 1	-198.5	FALSE
Rep 1	Hebra opuesta	-193	-0.04857290331508496	-0.11211248756797737	0.01520143613117587	0.13514843032334034	179	6047	0.01822253893922427	0.23161590791264006	Hebra opuesta 1	-188.5	FALSE
Rep 1	Hebra opuesta	-183	-0.08322553469946195	-0.15319561053570097	-0.014792982291947619	0.016902895880723905	146	6047	0.01486307645322203	0.051498106314605004	Hebra opuesta 1	-178.5	FALSE
Rep 1	Hebra opuesta	-173	-0.0776308792321752	-0.1531018799043639	-0.002833129546568184	0.04196731039859471	152	6047	0.015473887814313346	0.1082314847121653	Hebra opuesta 1	-168.5	FALSE
Rep 1	Hebra opuesta	-163	-0.11424550978527352	-0.18793430025855676	-0.04141159886740889	0.0021554521289873204	148	6047	0.015066680240252468	0.01056171543203787	Hebra opuesta 1	-158.5	TRUE
Rep 1	Hebra opuesta	-153	-0.03255448783972151	-0.10708888592213195	0.041505893154890124	0.3899355359142092	138	6047	0.014048661305100275	0.4776710314949063	Hebra opuesta 1	-148.5	FALSE
Rep 1	Hebra opuesta	-143	-0.026354700219870558	-0.10186333678081196	0.049612296782833576	0.486163274101384	135	6047	0.013743255624554617	0.5537739104208083	Hebra opuesta 1	-138.5	FALSE
Rep 1	Hebra opuesta	-133	-0.11880267879136756	-0.19398718726621236	-0.04471844819978507	0.0017238191016645079	122	6047	0.012419831008856765	0.01056171543203787	Hebra opuesta 1	-128.5	TRUE
Rep 1	Hebra opuesta	-123	-0.0514666181830314	-0.13421613940619984	0.030000891177542004	0.21659535245477118	121	6047	0.012318029115341545	0.3267838788350848	Hebra opuesta 1	-118.5	FALSE
Rep 1	Hebra opuesta	-113	-0.11295271213555676	-0.18502620638753364	-0.0414276585540012	0.00208876198053027	134	6047	0.013641453731039397	0.01056171543203787	Hebra opuesta 1	-108.5	TRUE
Rep 1	Hebra opuesta	-103	-0.0400216859811495	-0.11026869635264393	0.03078712601466903	0.2674185441996118	150	6047	0.015270284027282907	0.3639863518272494	Hebra opuesta 1	-98.5	FALSE
Rep 1	Hebra opuesta	-93	-0.033854427150100876	-0.1145755243758011	0.04646386593233159	0.4062900480060934	120	6047	0.012216227221826326	0.48556615493411165	Hebra opuesta 1	-88.5	FALSE
Rep 1	Hebra opuesta	-83	-0.12975785641801654	-0.20967723762242113	-0.05044744471065513	0.0014285751079149418	117	6047	0.011910821541280668	0.01056171543203787	Hebra opuesta 1	-78.5	TRUE
Rep 1	Hebra opuesta	-73	-0.12974585250169732	-0.21087768766695683	-0.048453270327759645	0.0019805567706077136	116	6047	0.011809019647765448	0.01056171543203787	Hebra opuesta 1	-68.5	TRUE
Rep 1	Hebra opuesta	-63	-0.0728465839327638	-0.1559361420223194	0.010858173548889714	0.08771521625175922	116	6047	0.011809019647765448	0.1953657089243728	Hebra opuesta 1	-58.5	FALSE
Rep 1	Hebra opuesta	-53	-0.12407147544907192	-0.22309775388893077	-0.02572475992285891	0.013531469126245027	72	6047	0.007329736333095796	0.04420279914573375	Hebra opuesta 1	-48.5	TRUE
Rep 1	Hebra opuesta	-43	-0.11867022954459402	-0.20925631982509668	-0.03079458250180211	0.008185199376789534	82	6047	0.00834775526824799	0.03342289745522393	Hebra opuesta 1	-38.5	TRUE
Rep 1	Hebra opuesta	-33	0.1994852567086695	0.14350278135918648	0.257661740370621	5.006442955529848e-13	535	6047	0.05446401303064237	1.2265785241048127e-11	Hebra opuesta 1	-28.5	TRUE
Rep 1	Hebra opuesta	-23	-0.1144483310821018	-0.23331468540107916	0.0012181019064905132	0.05266774446526665	48	6047	0.00488649088873053	0.1290359739399033	Hebra opuesta 1	-18.5	FALSE
Rep 1	Hebra opuesta	-13	-0.06467465323402334	-0.17256112582563857	0.04135221936459156	0.22836909321416518	71	6047	0.007227934439580576	0.3291201637498263	Hebra opuesta 1	-8.5	FALSE
Rep 1	Hebra opuesta	-3	0.046269154990192615	-0.049968974994134954	0.14451856458004203	0.34236593953167227	100	6047	0.010180189351521938	0.4301520778731267	Hebra opuesta 1	1.5	FALSE
Rep 1	Hebra opuesta	7	-0.08616801937533998	-0.22013094124792532	0.046849304560325246	0.20209485199797209	45	6047	0.0045810852081848725	0.31944024993227843	Hebra opuesta 1	11.5	FALSE
Rep 2	Misma hebra	-233	-0.006644781843595818	-0.09065606626401496	0.07169417315474122	0.8470289781025833	226	7043	0.01946094893653664	0.864675415146387	Misma hebra 1	-228.5	FALSE
Rep 2	Misma hebra	-223	-0.05757845551404817	-0.14469348422513315	0.022843881763268525	0.16782567176469548	210	7043	0.018083182640144666	0.28668078656402246	Misma hebra 1	-218.5	FALSE
Rep 2	Misma hebra	-213	0.01435137331639134	-0.07102199133338206	0.10106703990950835	0.7164312425063954	194	7043	0.01670541634375269	0.7982526540575552	Misma hebra 1	-208.5	FALSE
Rep 2	Misma hebra	-203	-0.029884289162118462	-0.11665527165059877	0.05321839122005435	0.4582584680946701	210	7043	0.018083182640144666	0.5757606394009958	Misma hebra 1	-198.5	FALSE
Rep 2	Misma hebra	-193	-0.011050563988027874	-0.09474173737551554	0.06903405989870803	0.7642335067831836	211	7043	0.018169293033669164	0.7982526540575552	Misma hebra 1	-188.5	FALSE
Rep 2	Misma hebra	-183	-0.042418164493069774	-0.1304407523519844	0.03931964701578467	0.30645422330460526	195	7043	0.01679152673727719	0.40584478221420694	Misma hebra 1	-178.5	FALSE
Rep 2	Misma hebra	-173	-0.08266029143430811	-0.1714112808943654	-6.22260410916594e-5	0.049540241929659425	185	7043	0.015930422802032204	0.14279246203254775	Misma hebra 1	-168.5	FALSE
Rep 2	Misma hebra	-163	-0.10499987740882326	-0.2021854996540513	-0.006514008911119259	0.03062494207879602	155	7043	0.013347110996297254	0.10867401619806721	Misma hebra 1	-158.5	FALSE
Rep 2	Misma hebra	-153	-0.06594811230966412	-0.16036548403794113	0.022957720903049667	0.15052209882375212	154	7043	0.013261000602772756	0.28668078656402246	Misma hebra 1	-148.5	FALSE
Rep 2	Misma hebra	-143	-0.06402203605368631	-0.15649696749331668	0.024774285861101863	0.16396514510233245	163	7043	0.01403599414449324	0.28668078656402246	Misma hebra 1	-138.5	FALSE
Rep 2	Misma hebra	-133	-0.055694773354915406	-0.1540238691767823	0.032997595594231606	0.2203022332635721	154	7043	0.013261000602772756	0.33733779468484476	Misma hebra 1	-128.5	FALSE
Rep 2	Misma hebra	-123	-0.12224284893344017	-0.21971207015904382	-0.02804654638189067	0.009206861232900612	137	7043	0.011797123912856282	0.05012624449023667	Misma hebra 1	-118.5	FALSE
Rep 2	Misma hebra	-113	-0.06379196481877492	-0.17253818503954987	0.03453919390124413	0.2120236338270183	135	7043	0.011624903125807285	0.33513413088786764	Misma hebra 1	-108.5	FALSE
Rep 2	Misma hebra	-103	-0.06674677488584968	-0.16531058881065133	0.024730912699928505	0.1638313757859469	157	7043	0.01351933178334625	0.28668078656402246	Misma hebra 1	-98.5	FALSE
Rep 2	Misma hebra	-93	-0.10984973974263143	-0.21213896475029165	-0.00531305954363245	0.035485393044266844	132	7043	0.01136657194523379	0.10867401619806721	Misma hebra 1	-88.5	FALSE
Rep 2	Misma hebra	-83	-0.01632417365814055	-0.13058510628903564	0.09399802033870105	0.7414370455709736	122	7043	0.010505468009988805	0.7982526540575552	Misma hebra 1	-78.5	FALSE
Rep 2	Misma hebra	-73	-0.05412704289871379	-0.16361739839935802	0.04994040854666768	0.30588417167822546	131	7043	0.011280461551709291	0.40584478221420694	Misma hebra 1	-68.5	FALSE
Rep 2	Misma hebra	-63	-0.07189153689981408	-0.2028099830031297	0.05439788183613185	0.2704431781800166	87	7043	0.007491604236631361	0.3786204494520232	Misma hebra 1	-58.5	FALSE
Rep 2	Misma hebra	-53	-0.1782086938153286	-0.3027552598073771	-0.05284511986500893	0.005144915309813456	81	7043	0.006974941875484371	0.04201680836347656	Misma hebra 1	-48.5	TRUE
Rep 2	Misma hebra	-43	-0.11439160983424804	-0.2563279075818611	0.02095308349092226	0.10427111736479931	72	7043	0.006199948333763886	0.21288686461979858	Misma hebra 1	-38.5	FALSE
Rep 2	Misma hebra	-33	0.20390163972463635	0.14548704887752525	0.2628936012574749	4.3474801085908026e-13	878	7043	0.0756049255145096	2.1302652532094934e-11	Misma hebra 1	-28.5	TRUE
Rep 2	Misma hebra	-23	-0.22647381715444267	-0.38438375406204	-0.06973698949611054	0.0038603836992640245	53	7043	0.004563850856798416	0.04201680836347656	Misma hebra 1	-18.5	TRUE
Rep 2	Misma hebra	-13	-0.10438893335506874	-0.26242831549707507	0.04214253830636677	0.1696682206195235	57	7043	0.0049082924308964096	0.28668078656402246	Misma hebra 1	-8.5	FALSE
Rep 2	Misma hebra	-3	-3.7846041574093425e-4	-0.166555462271774	0.17255076951038215	0.9791659657929777	61	7043	0.005252734004994403	0.9791659657929777	Misma hebra 1	1.5	FALSE
Rep 2	Hebra opuesta	-233	-0.02397547871080514	-0.19038726566582698	0.13390419481724766	0.7613752123270763	57	7043	0.0049082924308964096	0.7982526540575552	Hebra opuesta 1	-228.5	FALSE
Rep 2	Hebra opuesta	-223	-0.08590075463526392	-0.16745689761705002	-0.0068683550806779	0.029905871791382533	208	7043	0.01791096185309567	0.10867401619806721	Hebra opuesta 1	-218.5	FALSE
Rep 2	Hebra opuesta	-213	-0.01189630625597055	-0.09449385330800557	0.0652700891677202	0.7464553889825256	217	7043	0.018685955394816153	0.7982526540575552	Hebra opuesta 1	-208.5	FALSE
Rep 2	Hebra opuesta	-203	-0.02134818617771419	-0.09924581609545755	0.05175729904606451	0.539761744982732	239	7043	0.02058038405235512	0.6612081376038468	Hebra opuesta 1	-198.5	FALSE
Rep 2	Hebra opuesta	-193	-0.06965171287585199	-0.15028160397383467	0.0043647716189829525	0.0725552876186646	223	7043	0.019202617755963144	0.1777604546657283	Hebra opuesta 1	-188.5	FALSE
Rep 2	Hebra opuesta	-183	-0.10638198315372048	-0.19494774396482517	-0.019622142687569635	0.01132693763274082	182	7043	0.01567209162145871	0.05550199440043002	Hebra opuesta 1	-178.5	FALSE
Rep 2	Hebra opuesta	-173	-0.07274024293398253	-0.1621090326730107	0.00739920813126874	0.08522695014224425	193	7043	0.016619305950228192	0.18912897048882366	Hebra opuesta 1	-168.5	FALSE
Rep 2	Hebra opuesta	-163	-0.12379042547991026	-0.21140577715791883	-0.03762373612644116	0.003651013830301491	179	7043	0.015413760440885214	0.04201680836347656	Hebra opuesta 1	-158.5	TRUE
Rep 2	Hebra opuesta	-153	-0.056574024774876636	-0.14457386069835657	0.028960588852244132	0.19560990733129918	172	7043	0.014810987686213726	0.31949618197445534	Hebra opuesta 1	-148.5	FALSE
Rep 2	Hebra opuesta	-143	-0.04977642211725702	-0.14327019825627155	0.03752340794738232	0.2634113173628822	168	7043	0.014466546112115732	0.3786204494520232	Hebra opuesta 1	-138.5	FALSE
Rep 2	Hebra opuesta	-133	-0.123698712142827	-0.21781121888925276	-0.030380597379323866	0.00730057385059442	150	7043	0.012916559028674762	0.05012624449023667	Hebra opuesta 1	-128.5	FALSE
Rep 2	Hebra opuesta	-123	-0.07986726864509089	-0.17494816812878047	0.009092214708306599	0.08877482288250906	154	7043	0.013261000602772756	0.18912897048882366	Hebra opuesta 1	-118.5	FALSE
Rep 2	Hebra opuesta	-113	-0.11003026414497478	-0.19921657531730932	-0.0246514280073278	0.008673804142452154	172	7043	0.014810987686213726	0.05012624449023667	Hebra opuesta 1	-108.5	FALSE
Rep 2	Hebra opuesta	-103	-0.03806582140414594	-0.12789046867179743	0.04778980443649317	0.38063257436275305	177	7043	0.015241539653836218	0.4908156879940763	Hebra opuesta 1	-98.5	FALSE
Rep 2	Hebra opuesta	-93	-0.0515387808701789	-0.14932396100801587	0.03523579547372213	0.24778536700919773	156	7043	0.013433221389821752	0.367923726771233	Hebra opuesta 1	-88.5	FALSE
Rep 2	Hebra opuesta	-83	-0.10454106287429271	-0.20430446507202743	-0.00799573657514039	0.031312080424108	136	7043	0.011711013519331783	0.10867401619806721	Hebra opuesta 1	-78.5	FALSE
Rep 2	Hebra opuesta	-73	-0.10396607367295717	-0.20228471905359716	-0.005875005596275641	0.03348158511954783	160	7043	0.013777662963919746	0.10867401619806721	Hebra opuesta 1	-68.5	FALSE
Rep 2	Hebra opuesta	-63	-0.1391881952452491	-0.24071680346272825	-0.04085053512528286	0.004612336543879454	139	7043	0.01196934469990528	0.04201680836347656	Hebra opuesta 1	-58.5	TRUE
Rep 2	Hebra opuesta	-53	-0.1323879454366039	-0.25268119046547893	-0.014014536685146618	0.026106446112823808	91	7043	0.007836045810729355	0.10867401619806721	Hebra opuesta 1	-48.5	FALSE
Rep 2	Hebra opuesta	-43	-0.096917395635636	-0.20701669875448303	0.006652158049390112	0.07024152241246082	108	7043	0.009299922500645827	0.1777604546657283	Hebra opuesta 1	-38.5	FALSE
Rep 2	Hebra opuesta	-33	0.20178198717255036	0.13348780383142725	0.2710270761684837	1.288666077704614e-9	629	7043	0.0541634375269095	3.157231890376305e-8	Hebra opuesta 1	-28.5	TRUE
Rep 2	Hebra opuesta	-23	-0.14070074173483293	-0.3020720217018491	0.005621989357403321	0.0652723437146341	55	7043	0.004736071643847413	0.17768582455650395	Hebra opuesta 1	-18.5	FALSE
Rep 2	Hebra opuesta	-13	-0.015586964788985828	-0.1511383072788051	0.10716755138331743	0.7656709130756141	89	7043	0.007663825023680358	0.7982526540575552	Hebra opuesta 1	-8.5	FALSE
Rep 2	Hebra opuesta	-3	-0.025982762771741868	-0.14432307199442168	0.08893960108461116	0.6369866982547829	115	7043	0.009902695255317317	0.7612767857191308	Hebra opuesta 1	1.5	FALSE
Rep 2	Hebra opuesta	7	-0.13486597115486346	-0.29227066346672725	0.014315371022899058	0.07685384541509944	51	7043	0.004391630069749419	0.1793256393018987	Hebra opuesta 1	11.5	FALSE
