effect	term	estimate	std.error	statistic	df	p_value	conf.low	conf.high	variable	n	n_true	p_adj
fixed	BREu_elementFALSE	-0.03269371274291923	0.004800619943988032	6.810310569130265	21434.005509670387	9.996605690261446e-12	-0.04210328628874383	-0.023284139197094635	BREu	21436	8889	1.5994569104418313e-10
fixed	PB_elementFALSE	-0.06027984542178846	0.012024402118486812	5.013126210168216	21434.003752959085	5.397953898645501e-7	-0.08384857141949817	-0.03671111942407875	PB	21436	857	4.318363118916401e-6
fixed	hInr_elementFALSE	-0.03481528696630158	0.007605918668006563	4.577394064539258	21434.081770085468	4.734466724421068e-6	-0.04972345547595744	-0.019907118456645726	hInr	21436	19140	2.525048919691236e-5
fixed	MTE_elementFALSE	-0.07910909864747143	0.022314922744174032	3.545120884100985	21434.048250490327	3.932689299763735e-4	-0.1228480134453428	-0.03537018384960006	MTE	21436	241	0.001573075719905494
fixed	DPE_elementFALSE	-0.01921672321005127	0.005516520566196038	3.483486190155241	21434.008825608445	4.959160084493509e-4	-0.030029515430611914	-0.008403930989490624	DPE	21436	5130	0.001586931227037923
fixed	BBCABW_elementFALSE	-0.015081384466036716	0.004706161905451984	3.2046038298353627	21434.15471140907	0.0013544648998647087	-0.02430581319965429	-0.005856955732419143	BBCABW	21436	10838	0.003611906399639223
fixed	bridge_elementFALSE	-0.013143542657028807	0.00515634591286717	2.5490032823884734	21434.14578113779	0.010810034163181548	-0.023250365659684184	-0.0030367196543734307	bridge	21436	6343	0.024708649515843537
fixed	XCPE2_elementFALSE	-0.02687103042492281	0.011025400683569173	2.437193095845297	21434.00278661392	0.014809849527436258	-0.04848163901619351	-0.00526042183365211	XCPE2	21436	1025	0.029619699054872516
fixed	GAGA_elementFALSE	-0.019428259472014486	0.008289505011624511	2.343717682149889	21434.147278059056	0.019101703078859382	-0.03567630825452863	-0.0031802106895003415	GAGA	21436	1895	0.03395858325130557
fixed	TATA_elementFALSE	-0.031623051165912706	0.014231673376975772	2.2220191771034448	21434.135800555065	0.026292408899761952	-0.059518193634447956	-0.0037279086973774564	TATA	21436	612	0.040488858165072125
fixed	XCPE1_elementFALSE	-0.014696557587534348	0.00668104762586214	2.1997384857195756	21434.006796274116	0.027836089988487085	-0.02779190979870498	-0.0016012053763637159	XCPE1	21436	3112	0.040488858165072125
fixed	Motif1_elementFALSE	0.05147749856638968	0.04453466029739908	-1.1558974116480705	21434.066731189676	0.2477360054901978	-0.035813760943518055	0.1387687580762974	Motif1	21436	60	0.3303146739869304
fixed	hTCT_elementFALSE	-0.006186261495466264	0.006577255013251635	0.940553693448466	21434.012827705665	0.34694422116855417	-0.019078172435666244	0.006705649444733714	hTCT	21436	3231	0.4270082722074513
fixed	dInr_elementFALSE	-0.003664159982570788	0.005018676191815834	0.7301048807544284	21434.002957938854	0.46533405747956313	-0.01350114005616047	0.006172820091018895	dInr	21436	7009	0.5318103514052149
fixed	dTCT_elementFALSE	-0.00973384612326396	0.015008186303581559	0.6485691159724658	21434.001363363786	0.5166238714403162	-0.03915101191898288	0.019683319672454964	dTCT	21436	541	0.5510654628696706
fixed	BREd_elementFALSE	0.0038146568021342896	0.00886009501595492	-0.43054355458547583	21434.00313198457	0.6668046200672155	-0.013551791000206443	0.02118110460447502	BREd	21436	1637	0.6668046200672155
