effect	term	estimate	std.error	statistic	df	p_value	conf.low	conf.high	variable	raw	p_adj
fixed	Sum_of_initiator_effect	-0.037537290970398304	0.0028742889364937207	-13.059679037066186	21434.000757455007	7.873943420394804e-39	-0.043171111905149995	-0.031903470035646614	Sum_of_initiator_effect	Sum of initiator effect	1.732267552486857e-37
fixed	SP_neg_motif_effect	-0.03355713340771493	0.0031601679918798575	-10.618781499572474	21434.097799326064	2.8327513767117047e-26	-0.03975129863563784	-0.027362968179792013	SP_neg_motif_effect	SP- motif effect	3.116026514382875e-25
fixed	Sum_of_total_effect	-0.014791611448347746	0.0014176408936079556	-10.433962165624662	21434.507801662716	1.9963007402196247e-25	-0.017570293449414093	-0.012012929447281398	Sum_of_total_effect	Sum of total effect	1.463953876161058e-24
fixed	NFY_pos_motif_effect	0.04832180518253151	0.004989086883301477	9.685500836689188	21434.237625168338	3.857860740650429e-22	0.038542822369068926	0.0581007879959941	NFY_pos_motif_effect	NFY+ motif effect	2.121823407357736e-21
fixed	SP_pos_motif_effect	-0.02513942470802699	0.00340214677173222	-7.389282824863882	21434.239506531303	1.530304179240437e-13	-0.03180788641007414	-0.018470963005979838	SP_pos_motif_effect	SP+ motif effect	6.733338388657923e-13
fixed	YY1_neg_motif_effect	0.14173062713897946	0.020167123603355666	7.0278057459516186	21434.022790584677	2.160988591583866e-12	0.10220155902715825	0.18125969525080068	YY1_neg_motif_effect	YY1- motif effect	7.923624835807509e-12
fixed	ETS_neg_motif_effect	-0.029135379337254092	0.004466875171296793	-6.522541647116524	21434.028292395877	7.06680383886298e-11	-0.037890788207820755	-0.02037997046668743	ETS_neg_motif_effect	ETS- motif effect	2.2209954922140795e-10
fixed	CREB_neg_motif_effect	0.060959902619958074	0.009472483525386688	6.435472012865766	21434.32268764496	1.2569430141195278e-10	0.042393127628557924	0.07952667761135823	CREB_neg_motif_effect	CREB- motif effect	3.4565932888287013e-10
fixed	CREB_pos_motif_effect	0.047710610356773646	0.008007575597509524	5.958184193929104	21434.394828932935	2.5904027256797796e-9	0.03201516428723205	0.06340605642631525	CREB_pos_motif_effect	CREB+ motif effect	5.698885996495516e-9
fixed	TATA_pos_motif_effect	-0.02658735036511656	0.004455554194889319	-5.967237565107661	21434.066420142688	2.450960330284475e-9	-0.03532056927572706	-0.01785413145450606	TATA_pos_motif_effect	TATA+ motif effect	5.698885996495516e-9
fixed	Sum_of_motif_effect	-0.00993915977792761	0.001707708147636331	-5.8201747129242065	21434.958524798858	5.9623840279349786e-9	-0.013286395251080553	-0.006591924304774668	Sum_of_motif_effect	Sum of motif effect	1.1924768055869957e-8
fixed	NFY_neg_motif_effect	0.027431121702898253	0.004773426489607882	5.7466312223761955	21434.29237034857	9.227332208416747e-9	0.018074849365227463	0.03678739404056904	NFY_neg_motif_effect	NFY- motif effect	1.6916775715430702e-8
fixed	NRF1_neg_motif_effect	0.03987945881259522	0.009018532220735865	4.4219455934195535	21434.138887453697	9.829700887720302e-6	0.02220246226491899	0.05755645536027145	NRF1_neg_motif_effect	NRF1- motif effect	1.663487842537282e-5
fixed	NRF1_pos_motif_effect	0.041411836896532966	0.009923295342386848	4.173194031587917	21434.23803919135	3.0154282719793804e-5	0.02196143707872233	0.0608622367143436	NRF1_pos_motif_effect	NRF1+ motif effect	4.738530141681883e-5
fixed	ETS_pos_motif_effect	-0.01593377877624475	0.004851359140627293	-3.284394808623563	21434.559274743475	0.0010236548166450124	-0.025442804922234052	-0.006424752630255449	ETS_pos_motif_effect	ETS+ motif effect	0.0015013603977460182
fixed	Sum_of_trinucleotide_effect	0.012047335666087771	0.0037799474741371333	3.1871701256478104	21434.288056423615	0.0014387837475390612	0.004638356378878723	0.01945631495329682	Sum_of_trinucleotide_effect	Sum of trinucleotide effect	0.0019783276528662092
fixed	YY1_pos_motif_effect	-0.1049296112757813	0.04009473726614095	-2.6170419967907326	21433.999765693618	0.008875769230470993	-0.18351829013682083	-0.02634093241474178	YY1_pos_motif_effect	YY1+ motif effect	0.011486289592374228
fixed	ZNF143_pos_motif_effect	-0.01092028678502454	0.006412049111519964	-1.703088450368389	21434.096418490553	0.08856601457207752	-0.023488381819374037	0.0016478082493249589	ZNF143_pos_motif_effect	ZNF143+ motif effect	0.10824735114365032
fixed	TATA_neg_motif_effect	0.08609097500812551	0.05510281805738267	1.5623697306818785	21434.0440732287	0.11821567695253624	-0.02191466282408394	0.19409661284033497	TATA_neg_motif_effect	TATA- motif effect	0.13298662751277548
fixed	U1_snRNP_neg_motif_effect	-0.1844275798708562	0.11890257719598286	-1.5510814333895455	21434.115643480767	0.12089693410252315	-0.4174855093972658	0.04863034965555338	U1_snRNP_neg_motif_effect	U1 snRNP- motif effect	0.13298662751277548
fixed	ZNF143_neg_motif_effect	0.016507164805913556	0.01311297491921232	1.2588420940032667	21434.230818353448	0.20810108265456437	-0.00919524514806724	0.042209574759894355	ZNF143_neg_motif_effect	ZNF143- motif effect	0.21801065801906744
fixed	U1_snRNP_pos_motif_effect	-0.026422580001584692	0.04014826802474223	-0.6581250275927523	21434.012525485767	0.5104648632646346	-0.10511618314390601	0.05227102314073663	U1_snRNP_pos_motif_effect	U1 snRNP+ motif effect	0.5104648632646346
