effect	term	estimate	std.error	statistic	df	p_value	conf.low	conf.high	variable	p_adj
fixed	`Alta actividad en HEK293`FALSE	-0.1738792783620132	0.0069769071736314235	24.922114345905857	12015.131627706722	1.0310554696782395e-133	-0.18755514280489516	-0.16020341391913123	Alta actividad en HEK293	2.8869553150990706e-132
fixed	`Alta accesibilidad de cromatina (DNase-seq)`FALSE	0.08196303786376526	0.006918114954029454	-11.84759698391914	12015.054619573111	3.3454612269760496e-32	0.06840241565422124	0.09552366007330927	Alta accesibilidad de cromatina (DNase-seq)	4.683645717766469e-31
fixed	`Enhancers a 50kb`FALSE	-0.07573526990500047	0.006904311019213896	10.969272631872755	12015.09091117937	7.2797175033287465e-28	-0.08926883416960225	-0.06220170564039869	Enhancers a 50kb	6.794403003106831e-27
fixed	CCAATFALSE	0.08170730957549857	0.007823299238475964	-10.44409872163036	12015.101046553276	2.0033356308219101e-25	0.06637238003633342	0.09704223911466373	CCAAT	1.402334941575337e-24
fixed	`Alta conservación (16 a -50pb)`FALSE	-0.06605193274457907	0.006899924847724171	9.572848139985936	12015.034560420903	1.2421651594724911e-21	-0.07957689941132585	-0.05252696607783229	Alta conservación (16 a -50pb)	6.95612489304595e-21
fixed	`Alta conservación (-50 a -150)`FALSE	-0.06291241224991834	0.006889457427982836	9.13169330205709	12015.025529500434	7.815063300403472e-20	-0.07641686108507177	-0.049407963414764895	Alta conservación (-50 a -150)	3.647029540188287e-19
fixed	`Sin actividad en ratón`FALSE	0.15081613628264354	0.018015283242675838	-8.371566200268221	12015.160173048465	6.31325875415729e-17	0.11550327266892976	0.1861289998963573	Sin actividad en ratón	2.525303501662916e-16
fixed	`Repeticiones de baja complejidad`FALSE	-0.06086395446370222	0.007827065573693654	7.776088483053303	12015.412999326833	8.089480220148856e-15	-0.07620626658781939	-0.045521642339585056	Repeticiones de baja complejidad	2.8313180770520993e-14
fixed	`Alto contenido G+C`FALSE	-0.053380938029404815	0.006910944243680414	7.724116437231864	12015.892987008425	1.2155875015243367e-14	-0.06692750439376197	-0.039834371665047656	Alto contenido G+C	3.7818277825201586e-14
fixed	`Alta especificidad tisular`FALSE	-0.04885315423283169	0.0068643034710213985	7.116986368547369	12002.99853470777	1.1659309456734754e-12	-0.062308298609612206	-0.03539800985605117	Alta especificidad tisular	3.264606647885731e-12
fixed	`Insertado en humanos`FALSE	0.1472488232572496	0.022304939195198496	-6.601624060420991	11332.029755893573	4.2484169888225257e-11	0.10352727590356448	0.19097037061093475	Insertado en humanos	1.081415233518461e-10
fixed	`Baja especificidad tisular`FALSE	0.03877411533209193	0.006871914217851248	-5.642403863448699	12003.00037361517	1.714876907566813e-8	0.02530405266150134	0.052244178002682516	Baja especificidad tisular	4.0013794509892305e-8
fixed	`Alta conservación (-150 a -235)`FALSE	-0.03657347530438275	0.006866819516000799	5.326115710360618	12014.99932230778	1.021454171563784e-7	-0.050033550180205756	-0.023113400428559742	Alta conservación (-150 a -235)	2.2000551387527654e-7
fixed	`TATA-box`FALSE	-0.06995693282247258	0.013417108121035793	5.214009769571115	12015.1379795025	1.878703935988422e-7	-0.09625663085521827	-0.04365723478972689	TATA-box	3.757407871976844e-7
fixed	`Elementos transponibles`FALSE	0.06345457606386258	0.01449267493993334	-4.378389519316332	12015.025358340738	1.2057059925442307e-5	0.035046593395127994	0.09186255873259716	Elementos transponibles	2.250651186082564e-5
fixed	`Promotores anchos`FALSE	-0.027666934832241873	0.006941028990286874	3.9859990314056293	11862.014045231197	6.759921087217726e-5	-0.041272489936900796	-0.014061379727582951	Promotores anchos	1.1829861902631022e-4
fixed	TCTFALSE	-0.030652593864917876	0.00803034533094227	3.8170953553900455	12015.018959888483	1.3570970787496177e-4	-0.0463933671826868	-0.01491182054714895	TCT	2.2352187179405466e-4
fixed	`GC-box`FALSE	0.02431042189423392	0.0065782511183275815	-3.695575230702726	12015.048206503354	2.2036425469863e-4	0.011415987671514015	0.03720485611695382	GC-box	3.427888406423133e-4
fixed	`Islas CpG`FALSE	0.022469501497192422	0.00930335821819947	-2.415203302957528	12015.108471081707	0.015741258935761948	0.004233417410932579	0.04070558558345226	Islas CpG	0.02319764474743866
fixed	SINEFALSE	0.03714284701177778	0.01857516401732835	-1.999597256698679	12015.01402850711	0.04556624575843937	7.325266457761104e-4	0.07355316737777945	SINE	0.06379274406181512
fixed	`TA en TSS`FALSE	0.02328204064123853	0.011832807418219458	-1.9675838385901743	12015.026887844366	0.0491389072655783	8.782774071187244e-5	0.04647625354176519	TA en TSS	0.06551854302077106
fixed	`Promotor unidireccional`FALSE	0.015100766508215999	0.00799504690168292	-1.888765218505142	11518.014873590699	0.058948396966625204	-5.708843182607518e-4	0.03077241733469275	Promotor unidireccional	0.07502523250297753
fixed	`Promotores angostos`FALSE	0.011482623879572428	0.0068437178816608485	-1.6778341945307949	11861.998736904943	0.09340581584113156	-0.0019321854955560314	0.02489743325470089	Promotores angostos	0.11371142798050798
fixed	`TG en TSS`FALSE	0.014752608822885436	0.009131556423737565	-1.6155634525277525	12015.187726232965	0.10621498642226983	-0.003146715997831751	0.032651933643602624	TG en TSS	0.1239174841593148
fixed	`TSS fuerte`FALSE	-0.009619279338325994	0.009284702445257623	1.0360352843875211	12015.012533433546	0.300206532301005	-0.027818795112383207	0.00858023643573122	TSS fuerte	0.33623131617712565
fixed	`CG en TSS`FALSE	0.0058191818979165194	0.008132750955500452	-0.7155244184602519	12014.998593427234	0.47429896198997124	-0.0101223229797127	0.021760686775545737	CG en TSS	0.5107834975276613
fixed	`TSS no canónico`FALSE	-0.006162649572759843	0.010162702502752393	0.6063986986818511	12015.199491905954	0.544261488812628	-0.026083187178185994	0.01375788803266631	TSS no canónico	0.5644193217316142
fixed	`CA en TSS`FALSE	0.002903692075871316	0.0067285342297731966	-0.4315489788285127	12015.02790227312	0.6660769904926851	-0.01028532131009967	0.016092705461842303	CA en TSS	0.6660769904926851
