effect	term	estimate	std.error	statistic	df	p_value	conf.low	conf.high	variable	p_adj	activity_estimate
fixed	`No detectado (FANTOM5)`FALSE	0.43586691593813104	0.00853929103911613	-51.042517925849495	21424.000032688997	0	0.4191292674430529	0.4526045644332092	No detectado (FANTOM5)	0	-0.19459348076686128
fixed	`Alta actividad en HEK293`FALSE	-0.20887488031030169	0.00591708536856096	35.30029859297099	21434.34231529304	2.2380785610133128e-265	-0.2204728094429165	-0.19727695117768687	Alta actividad en HEK293	3.6928296256719663e-264	0.39030308122296464
fixed	`Promotores angostos`FALSE	0.1346146765417684	0.005253200461420084	-25.625269305900115	18373.192258449977	2.50315464089023e-142	0.12431791451819245	0.14491143856534436	Promotores angostos	2.753470104979253e-141	-0.1584781071245042
fixed	`Sin módulo cis-regulatorio`FALSE	0.44448853706921587	0.021084465357730526	-21.081328339504047	21433.999783609295	1.1568980967229882e-97	0.40316141061976496	0.4858156635186668	Sin módulo cis-regulatorio	9.544409297964653e-97	7.849339392408047e-4
fixed	`Elementos transponibles`FALSE	0.15239092945621913	0.007802910273698779	-19.53001176623577	21434.178768370846	3.2933684555935565e-84	0.13709664269430377	0.16768521621813448	Elementos transponibles	2.1736231806917473e-83	-0.10713349099250555
fixed	`TSS no canónico`FALSE	0.11271628339123957	0.006156056581143355	-18.309819265875714	21434.116458786717	2.548506169493608e-74	0.10064995283155101	0.12478261395092813	TSS no canónico	1.4016783932214843e-73	-0.1280931283331344
fixed	LTRFALSE	0.32430726403774524	0.018133340404396237	-17.884584792723594	21434.07090769039	5.106324631072265e-71	0.28876456285996904	0.35984996521552143	LTR	2.4072673260769252e-70	0.053678449992396515
fixed	`Promotores anchos`FALSE	-0.09071632815821676	0.005253155929510533	17.268919745671692	18373.013405390568	2.6912180413255496e-66	-0.10101300290170714	-0.08041965341472637	Promotores anchos	1.1101274420467893e-65	0.1355208158119331
fixed	`Alta conservación (16 a -50pb)`FALSE	-0.07377217366054548	0.0049875804673714785	14.79117462728865	21426.02025915584	2.9232083448981792e-49	-0.08354820399803664	-0.06399614332305431	Alta conservación (16 a -50pb)	1.071843059795999e-48	0.016016944413296486
fixed	`Islas CpG`FALSE	-0.07635543974821991	0.005284464125707793	14.449041176524778	21434.28660060897	4.232899386380173e-47	-0.08671338401051579	-0.06599749548592404	Islas CpG	1.396856797505457e-46	0.2309964668302219
fixed	`Alto contenido G+C`FALSE	-0.0698393937010494	0.005074031065252634	13.764084768679304	21434.212265746457	6.3830099430329765e-43	-0.07978487345436273	-0.05989391394773606	Alto contenido G+C	1.914902982909893e-42	0.08722238379680139
fixed	`Alta conservación (-50 a -150)`FALSE	-0.06374087130632539	0.004977432154925274	12.805974912837828	21426.005166412797	2.082247016088409e-37	-0.07349701019363121	-0.053984732419019556	Alta conservación (-50 a -150)	5.726179294243125e-37	-0.014014514649789655
fixed	`Repeticiones de baja complejidad`FALSE	-0.06580378359017858	0.005866689362528815	11.216510628715834	21434.264489308014	4.078571677364703e-29	-0.07730293279041626	-0.05430463438994089	Repeticiones de baja complejidad	1.0353297334848862e-28	0.00545524763938731
fixed	`Enhancers a 50kb`FALSE	-0.05422470317697174	0.005123787185014915	10.58293430600668	21434.027715730357	4.147825370269241e-26	-0.06426770864506944	-0.04418169770887404	Enhancers a 50kb	9.777016944206069e-26	-0.044781590794869514
fixed	`Baja especificidad tisular`FALSE	-0.04755153791686348	0.005209188380956835	9.128396678971535	19570.125431915607	7.611109773570427e-20	-0.05776199102327344	-0.03734108481045352	Baja especificidad tisular	1.674444150185494e-19	0.22147671495588311
fixed	CCAATFALSE	0.05444636787713821	0.006126019749107696	-8.887723204788683	21434.132180660075	6.719329936355577e-19	0.04243891175152814	0.06645382400274828	CCAAT	1.3858617993733377e-18	0.2368333195009341
fixed	LINEFALSE	0.12868560353897218	0.015247051995212597	-8.440031789711087	21434.14271873191	3.371058178584401e-17	0.09880024316301281	0.15857096391493156	LINE	6.543818817252072e-17	-0.12207262444589745
fixed	`Insertado en humanos`FALSE	0.1311916679220419	0.015941793745026814	-8.22941696651723	16111.043700739478	2.023847155633042e-16	0.09994397880944955	0.16243935703463425	Insertado en humanos	3.7103864519939106e-16	0.001991880585398219
fixed	`CA en TSS`FALSE	-0.038359011517829056	0.004891990117352632	7.8411874508421056	21434.11621628917	4.670488648594663e-15	-0.047947677423135104	-0.028770345612523007	CA en TSS	8.111901337032837e-15	0.01156658016517095
fixed	SINEFALSE	0.08376037772514695	0.010745810980839553	-7.794700453460134	21434.00249139746	6.749120875132897e-15	0.06269778582778773	0.10482296962250617	SINE	1.113604944396928e-14	-0.13452921366069037
fixed	`Sin actividad en ratón`FALSE	0.06121286961400165	0.00972466530792316	-6.294599112231507	21434.085670982167	3.1417045680484577e-10	0.04215179948727759	0.08027393974072572	Sin actividad en ratón	4.936964321219004e-10	-0.14334359653424744
fixed	`Alta conservación (-150 a -235)`FALSE	-0.0276864574209599	0.004988553456756311	5.549997140646532	21428.000478206777	2.890559225622699e-8	-0.0374643948392894	-0.017908520002630397	Alta conservación (-150 a -235)	4.3358388384340487e-8	-0.04578932772598744
fixed	`TATA-box`FALSE	-0.045933548459677426	0.00913471708511349	5.028458794255777	21434.056489390183	4.984250469754652e-7	-0.06383827602070286	-0.028028820898652003	TATA-box	7.151315891387109e-7	0.24390557456395512
fixed	TCTFALSE	-0.028715062180831058	0.006200249047549702	4.631275608546574	21434.151801679724	3.65553379793569e-6	-0.04086801327330904	-0.016562111088353083	TCT	5.026358972161574e-6	0.05814156612372613
fixed	`Alta especificidad tisular`FALSE	0.022932644299497745	0.005204599297888922	-4.4062266827726075	19570.11590404892	1.0574573119759774e-5	0.012731186186633693	0.033134102412361796	Alta especificidad tisular	1.3958436518082903e-5	-0.2209557999581932
fixed	`TSS fuerte`FALSE	-0.02868374107291788	0.006660621047045517	4.306466449647553	21433.999474854078	1.6662017983633585e-5	-0.0417390556646357	-0.01562842648120006	TSS fuerte	2.1147945902304166e-5	0.018313807634498414
fixed	`CG en TSS`FALSE	-0.024761103260765964	0.006474884902794347	3.8241765888502335	21434.03835995112	1.3158130547859297e-4	-0.03745236113978615	-0.012069845381745775	CG en TSS	1.6082159558494699e-4	0.07270950522252446
fixed	RetrotransposónFALSE	0.0878870353614789	0.027183250426114376	-3.2331319464668464	21434.122306134712	0.0012262619727130683	0.03460583480722433	0.14116823591573346	Retrotransposón	0.001445237324983259	-0.10073790971662391
fixed	`GC-box`FALSE	-0.014117237191107683	0.004788644117900213	2.9480656410311803	21434.234782570227	0.0032011395006663794	-0.02350333721791211	-0.004731137164303257	GC-box	0.0036426759835169148	0.14790852776997454
fixed	`TG en TSS`FALSE	-0.016984984152444114	0.006971329764383416	2.436405209121012	21434.047110225292	0.014842141819044858	-0.03064931102862633	-0.0033206572762619017	TG en TSS	0.016326356000949345	0.01931786844548858
fixed	`TA en TSS`FALSE	-0.02045035869593165	0.008754727278669402	2.335921844848127	21434.028102364617	0.01950448577665126	-0.03761027786440027	-0.0032904395274630273	TA en TSS	0.020762839697725532	0.007138251150925878
fixed	`Alta accesibilidad de cromatina (DNase-seq)`FALSE	-0.001224456749508797	0.0054103518238005025	0.2263173984586971	21434.371310902257	0.8209567254243232	-0.011829150297376039	0.009380236798358444	Alta accesibilidad de cromatina (DNase-seq)	0.8209567254243232	0.3847139565319091
