variable	estimate_all	p_adj_all	estimate_hek	p_adj_hek	direccion
SETDB1	0.07617165692105894	6.2912936432556894e-30	0.09048962384871388	2.014074730339382e-34	sobreestima
ATF2	0.07448892117699056	1.799070570476893e-21	0.03943554056922322	1.27793402071199e-5	sobreestima
ZNF574	0.06970324831809885	2.4183177357103173e-21	0.06997863505256888	3.421253256184347e-21	sobreestima
ZNF605	0.06672926780052658	0.00836213112392298	0.0667292678005268	0.01361950697686072	sobreestima
SP2	0.06526932589692017	2.8319062475735084e-4	0.06149689645649354	0.00102484398181893	sobreestima
ZNF350	0.0643007440388392	1.455744152462845e-10	0.0643007440572846	2.9334617650944854e-10	sobreestima
ZNF35	0.0630893500592973	2.074387795735483e-19	0.0630893500592973	4.760654758897917e-19	sobreestima
PKNOX1	0.0625569672887044	7.019597058122104e-15	0.03768566064761092	7.468007122493112e-7	sobreestima
L3MBTL2	0.05815395353343385	7.608323045894228e-10	0.05758327426942825	4.07931089304739e-17	sobreestima
CXXC4	0.05755159902023041	8.715250518344895e-9	0.05755159902023043	1.8429313814483145e-8	sobreestima
ZNF557	0.05583634953285901	0.01605597928259436	0.05583634953285892	0.02557499704890019	sobreestima
BRD4	0.05355592601347925	1.655469798209094e-6	0.04698111583658755	1.760493096692042e-6	sobreestima
ELF4	0.05245822978720785	1.5537471563695867e-14	0.02599505746384183	0.00173527193092306	sobreestima
FOXM1	0.0519418419679877	1.3317429329897264e-12	0.04291863247068123	6.886892745347575e-6	sobreestima
ZBTB12	0.05186971089873221	1.7535288533473214e-14	0.02209806122425947	0.00830524941960382	sobreestima
ZNF30	0.04937040187778249	3.5796504887897116e-10	0.04937040187832443	6.950347319763611e-10	sobreestima
ZNF518A	0.04926926126946306	3.200405032681043e-13	0.04926926127642685	6.75854539414215e-13	sobreestima
ZSCAN22	0.04742185699048462	3.769987359731055e-5	0.04742185699048463	6.361332530397461e-5	sobreestima
ASXL1	0.04674156692968903	3.166479290537566e-11	0.04674156692968907	7.021779340285268e-11	sobreestima
TBL1X	0.04672176164637498	7.617961098364997e-10	0.04672176164637498	1.4673664246628747e-9	sobreestima
ZNF280D	0.04520126624890577	9.956194209913e-6	0.04520126624890574	1.687369672089318e-5	sobreestima
ZNF639	0.04499366839158245	1.701962981829864e-7	0.03501995579552321	9.311638283285998e-7	sobreestima
ZNF320	0.04413928698071666	7.449906044009913e-5	0.04413928698071665	1.2131122020205344e-4	sobreestima
NCOR1	0.04257345072077429	2.6786087693798556e-7	0.05975806459485729	2.9139212208169382e-18	sobreestima
ZNF654	0.04150717210836246	0.00268834928323732	0.04150717210573425	0.0046036656086079	sobreestima
ZEB1	0.04055855618122916	0.00121155458803337	0.03022456794614935	2.4384862195349213e-5	sobreestima
SP3	0.04022414122281231	2.797638050003042e-5	0.04022414122281232	4.717997082390981e-5	sobreestima
GSPT2	0.03985470619083984	3.3747665607438655e-8	0.03985470619083985	6.656547639730715e-8	sobreestima
ZNF28	0.03920477309308166	0.01441547433218262	0.03920477309307976	0.02386026763945865	sobreestima
ZNF501	0.03832006550757146	3.216110478844112e-4	0.02029895017223973	0.00944962566667457	sobreestima
ZBTB21	0.0381327041920788	4.233610884667284e-5	0.02291349283623662	0.00205892601206713	sobreestima
TARDBP	0.03808205154214907	0.00187912202132724	0.04773074823185897	0.04698198415648667	sobreestima
ZNF580	0.03771782130653708	1.3521784949574802e-7	0.0377178213065371	2.583263619090636e-7	sobreestima
NIPBL	0.03709752344194295	0.00585199989696756	0.08739079594574498	4.819375082152351e-23	sobreestima
ZNF324	0.03418811133079147	2.930394344944115e-6	0.03300128770763352	1.2144506149269042e-5	sobreestima
THAP11	0.03317293989427382	8.014888571904032e-4	0.03317293989427383	0.0013942782789438	sobreestima
ZXDB	0.03299627017297946	1.854254046017493e-4	0.03299627017297946	3.3097981200156984e-4	sobreestima
ZNF76	0.0316307524107801	1.510474031300177e-4	0.03263549740966008	1.1427294731713909e-4	sobreestima
FEZF1	0.03126570782584834	6.99669639559208e-6	0.03126570782584834	1.2482179612042475e-5	sobreestima
BRD3	0.03027127508242101	0.042763215415755	0.01861213962786534	0.02703234828445088	sobreestima
ZNF547	0.02751148037274287	0.01574772002218807	0.02751148037274288	0.02555165048739856	sobreestima
KLF8	0.02717129095692828	0.00441696111928342	0.02717129095692829	0.00739513533230363	sobreestima
KLF16	0.02685023272304682	8.869420399505323e-4	0.01833307667965046	0.03384290614530153	sobreestima
ZBTB20	0.02576795398836332	3.458027050100788e-4	0.02576795397517682	6.156935537401781e-4	sobreestima
USP7	0.02571740438253111	0.03157916879224574	0.02571740438253118	0.04698198415648667	sobreestima
ZNF692	0.02554580054139451	0.00425560524338929	0.02554580055461932	0.00731369417288588	sobreestima
ZNF695	0.02495282545431209	0.01475170705915633	0.02495282545265637	0.02387190654518572	sobreestima
ZNF561	0.02489897438555793	0.00371841108347286	0.02489897438555795	0.00639519179496255	sobreestima
ZNF558	0.02487146466652195	0.00511940306785298	0.02487146466717992	0.00830602265828347	sobreestima
ZBTB8A	0.02339127611425433	0.00354318941424434	0.02339127612651297	0.00612870572992286	sobreestima
ZNF843	0.02297846902344948	0.001793994331872	0.02297846902344949	0.00308302567791088	sobreestima
ZNF391	0.02286615829228802	0.00147656225787244	0.02286615829228803	0.00253210587766542	sobreestima
ZBTB26	0.022752559246438	0.01761789016392889	0.02275255925690955	0.02703234828445088	sobreestima
ZNF362	0.02086848839653851	0.03395674138724284	0.02086848839657874	0.0494575950187855	sobreestima
ZNF554	0.02071954376828471	0.00388318677687447	0.02071954376828471	0.00658982649696405	sobreestima
INSM2	0.01991221305866728	0.00523062274546305	0.01991221305866729	0.00838614982762024	sobreestima
ZNF101	0.01922871077332376	0.00863144767100252	0.01922871077332375	0.01396484499127743	sobreestima
ZNF711	0.0189824576410132	0.0174035475877584	0.01898245764101321	0.02703234828445088	sobreestima
ZNF394	0.01627616297661481	0.02677431557328615	0.01627616297661481	0.04104740197096688	sobreestima
ZNF528	0.01627337200153378	0.02576070820794699	0.0162733720015338	0.04014524317283308	sobreestima
KLF12	0.0157919432984277	0.02927800239282075	0.0157919432984277	0.04475270854383995	sobreestima
ZNF202	-0.06911921891690698	1.752751476090985e-24	-0.06911921891690698	4.414949472795217e-24	subestima
ZNF846	-0.0652363851100234	0.00164253581257666	-0.06523638511009695	0.00279926546359354	subestima
ZNF423	-0.05992965864640556	3.313648677431235e-11	-0.05992965864640551	7.021779340285268e-11	subestima
ZNF596	-0.05878083433801287	2.2936033428011825e-8	-0.05878083433801284	4.6218271134183354e-8	subestima
MYC-DAXX	-0.05766142098311427	9.04152693063447e-18	-0.05766142098311427	1.9520924720834813e-17	subestima
ZNF468	-0.05596151813901192	2.205982992679721e-7	-0.05596151813901186	4.244609571213566e-7	subestima
PHIP	-0.05482644239261804	1.7270370204170579e-12	-0.01599103293763251	0.04088508470832103	subestima
ZNF398	-0.05092645595804621	3.121665069407642e-13	-0.04913298964613324	6.697223341460809e-12	subestima
NCAPH2	-0.04773452605182134	3.043504571826974e-7	-0.02253973087187221	0.00734638004185481	subestima
ZNF273	-0.04579903681656801	7.085861911450854e-6	-0.04579903681656795	1.2482179612042475e-5	subestima
MBD3	-0.038355503312221	8.384795097812396e-5	-0.03082335170301524	0.00739513533230363	subestima
ZNF534	-0.0361467701901523	5.476669307320563e-6	-0.0361467701918972	1.0349296517172622e-5	subestima
MZF1	-0.03470776495861545	5.484832270589711e-6	-0.03470776495855782	1.0349296517172622e-5	subestima
ZNF513	-0.03359136368404373	9.60850473561026e-4	-0.03359136368404372	0.00168073294313939	subestima
ZNF519	-0.03291579093211504	1.4076125541219072e-5	-0.03291579093211503	2.4063164128513684e-5	subestima
ZNF783	-0.0313536675380298	0.00328108665752872	-0.03135366753802973	0.0056564094827886	subestima
TFIIIC	-0.03071573145889891	3.607476912894828e-4	-0.0307157314588989	6.310248530811084e-4	subestima
ZSCAN30	-0.02931397148853201	4.4734898493851425e-5	-0.029313971488532	7.542623666132422e-5	subestima
RAD21	-0.02873787584725613	0.02034726664848373	-0.01877270517708092	0.02703234828445088	subestima
ZNF263	-0.02592934209226251	0.00906138736793752	-0.04313813644191493	3.9217818440633324e-8	subestima
ZBTB42	-0.01976676688631921	0.01598310486904035	-0.01976676688542385	0.02557499704890019	subestima
ZNF449	-0.01818583486209428	0.01088707945781822	-0.01818583486209426	0.01792432590476738	subestima
OSR2	-0.01583130511442111	0.0299224376371441	-0.01583130511442109	0.04551368864003684	subestima
