feature	categoria	log2fc	group_prop	rest_prop	pval	pval_corr
LINE	Sin promotores alternativos	-1.0207390439446526	0.01385639733669246	0.02811404906021026	1.2633609136936373e-9	2.1362284540637867e-9
LINE	Promotor secundario	1.5793051511277656	0.03987600394532901	0.013344226579520698	1.7976985710923217e-29	4.5185396516644845e-29
LINE	Promotor principal	-1.1496851806162782	0.012822861329913903	0.02844950213371266	2.8337500874869572e-11	5.167426630123275e-11
SINE	Sin promotores alternativos	-0.3166596077696913	0.03581068922080259	0.04460019114367633	0.006237989740518455	0.008057403414836338
SINE	Promotor secundario	0.9742224223503123	0.059743553614203186	0.03041031227305737	2.8272120155021584e-21	6.260255177183351e-21
SINE	Promotor principal	-0.9827406130052325	0.02491298772668987	0.049233443970286075	5.5659246389139976e-15	1.1252847639543517e-14
LTR	Sin promotores alternativos	-2.5464672358394647	0.002699298182472557	0.015769353297228415	3.942778633462213e-17	8.148409175821908e-17
LTR	Promotor secundario	2.9319998017729327	0.024940115541778215	0.0032679738562091504	5.286911475371914e-40	1.6389425573652935e-39
LTR	Promotor principal	-1.9797601791739659	0.0038468583989741713	0.015173067804646752	1.5904193747946523e-12	3.081437538664639e-12
Alto contenido G+C	Sin promotores alternativos	0.1511491600432939	0.3987763181572791	0.3591111819050653	3.97715740793885e-7	6.164593982305218e-7
Alto contenido G+C	Promotor secundario	-0.7006990362235167	0.268986895871495	0.4371822803195352	3.5021613240085625e-118	2.9609182102981486e-117
Alto contenido G+C	Promotor principal	0.5470024026637064	0.4762777065396593	0.3259838786154576	6.232484571146571e-81	2.8981053255831557e-80
Sin actividad en ratón	Sin promotores alternativos	-2.073114664082102	0.023034011157099153	0.09692577253902517	1.8620908992300908e-82	9.114444927810444e-82
Sin actividad en ratón	Promotor secundario	2.097409750324389	0.1390728476821192	0.03249818445896877	3.370261369364548e-154	3.1343430735090296e-153
Sin actividad en ratón	Promotor principal	-1.064453045094862	0.042132258655431395	0.08811443021969338	6.560076988493057e-30	1.6946865553607067e-29
Insertado en humanos	Sin promotores alternativos	-0.24240857069095353	0.022414471097129376	0.026515556505933926	0.14728323721728906	0.16910297606429484
Insertado en humanos	Promotor secundario	0.6552841475391971	0.03367158671586716	0.0213797881817282	2.688177441262916e-5	3.8461615698069416e-5
Insertado en humanos	Promotor principal	-0.44073407715333446	0.020330875024915287	0.02759499044788792	0.008513291998387301	0.010845700765068753
Elementos transponibles	Sin promotores alternativos	-0.755952728348708	0.059564513226561096	0.10058935966868429	2.1577878116835925e-20	4.666843406664514e-20
Elementos transponibles	Promotor secundario	1.397410823566896	0.1413273214034099	0.053649237472766884	2.4042274857057535e-89	1.3152538598272652e-88
Elementos transponibles	Promotor principal	-1.1462902393877004	0.04762777065396593	0.10542121068436858	3.716946334399703e-40	1.1919862382730082e-39
Repeticiones de baja complejidad	Sin promotores alternativos	0.014773482139699222	0.2693899586107612	0.2666454284804078	0.7023444640789333	0.7023444640789333
Repeticiones de baja complejidad	Promotor secundario	-0.4660275717724121	0.2171340002818092	0.2999273783587509	3.2625664114913035e-35	8.66910503624832e-35
Repeticiones de baja complejidad	Promotor principal	0.4633595351309462	0.3310130060450632	0.2400821874506085	4.739409835346315e-36	1.2963679843741392e-35
Alta conservación (16 a -50pb)	Sin promotores alternativos	-0.02927387221683505	0.33543278747525646	0.34230861148729386	0.3765728639270718	0.4025434062668698
Alta conservación (16 a -50pb)	Promotor secundario	-0.16874722314217816	0.31632365379193683	0.3555737109658678	5.117728504506494e-8	8.206012946881103e-8
Alta conservación (16 a -50pb)	Promotor principal	0.21184027104427902	0.37607620443304635	0.3247174136431903	2.912200671468215e-11	5.2083588932027693e-11
Alta conservación (-50 a -150)	Sin promotores alternativos	-0.4327826971145794	0.2742486953392118	0.3701903927348044	7.273339734958923e-37	2.04975937985206e-36
Alta conservación (-50 a -150)	Promotor secundario	0.17135759045624935	0.36566112207499296	0.32470951343500365	1.565759227241329e-8	2.5546597918147998e-8
Alta conservación (-50 a -150)	Promotor principal	0.20833262273021977	0.37607620443304635	0.32550786499090983	5.922073445549254e-11	1.0391562838416616e-10
Alta conservación (-150 a -235)	Sin promotores alternativos	-0.6418011155470116	0.24239697678603564	0.3782061494344432	1.7741198048120965e-73	7.49968826579659e-73
Alta conservación (-150 a -235)	Promotor secundario	0.39224784711117744	0.3935165609584214	0.29983660130718953	1.8789484019216927e-38	5.460693793084919e-38
Alta conservación (-150 a -235)	Promotor principal	0.1312809804929193	0.35830738230445136	0.3271419538412899	4.882753463707204e-5	6.88024351704197e-5
TATA-box	Sin promotores alternativos	0.3581231538861882	0.09483534281086918	0.0739885313794202	2.7739372395545126e-6	4.030877551227651e-6
TATA-box	Promotor secundario	-0.23097043800949757	0.07270677751162463	0.08533042846768336	0.0022739385504413167	0.0030210897884434635
TATA-box	Promotor principal	-0.1236405723318901	0.07565488184649204	0.08242452979295084	0.12882410079008727	0.1516536882718749
CCAAT	Sin promotores alternativos	0.5407299502995888	0.21468418211265072	0.14757884676648614	8.25462948419266e-28	2.0202119527103087e-27
CCAAT	Promotor secundario	-0.5029087104906171	0.13414118641679582	0.1900871459694989	3.108389609730538e-23	7.050737407437561e-23
CCAAT	Promotor principal	-0.03849373780493917	0.1650485436893204	0.16951161688003794	0.47500386471855177	0.5019927206684696
GC-box	Sin promotores alternativos	0.3733058464625285	0.5976246175994242	0.4613730487416375	2.282381490353226e-64	8.84422827511875e-64
GC-box	Promotor secundario	-0.5180408988571045	0.3984782302381288	0.5706245461147422	9.259885600598312e-114	7.176411340463692e-113
GC-box	Promotor principal	0.1605651967213087	0.543139769188496	0.4859333017227754	1.6332847247850009e-12	3.0999077429592876e-12
Islas CpG	Sin promotores alternativos	0.30771767394389626	0.7950332913442505	0.64232239566741	1.6797824781189433e-97	1.1158555033218695e-96
Islas CpG	Promotor secundario	-0.592423531568215	0.5265605185289559	0.7939360929557008	9.789257635297e-312	2.2760024002067e-310
Islas CpG	Promotor principal	0.29890052099599856	0.7928191976552482	0.6444602497234077	3.7196715532356444e-91	2.3061963630060996e-90
Retrotransposón	Sin promotores alternativos	-0.6744248553178636	0.005938456001439625	0.00947754061803122	0.016804898433929415	0.020838074058072475
Retrotransposón	Promotor secundario	1.3712848472984538	0.013385937720163449	0.0051742919389978215	7.498917430975515e-9	1.245355930501291e-8
Retrotransposón	Promotor principal	-1.2021526005104137	0.004396409598827624	0.010115378536431168	5.63397790967041e-5	7.820297695512659e-5
TCT	Sin promotores alternativos	0.27437763028551404	0.18427208925679323	0.15235743867473717	1.0684017899657017e-7	1.6840909570645807e-7
TCT	Promotor secundario	-0.33045551685593316	0.14020008454276456	0.1762890341321714	9.927180057308548e-11	1.7096810098698055e-10
TCT	Promotor principal	0.07581004685076491	0.16816266715515663	0.1595542911332385	0.15333895849214568	0.17390881877767742
CG en TSS	Sin promotores alternativos	0.4415686872812843	0.2049667086557495	0.15092386110226186	9.565155957816588e-19	2.0217261456294152e-18
CG en TSS	Promotor secundario	-0.6779697882308662	0.12272791320276173	0.1963507625272331	1.670291326003556e-39	5.0108739780106675e-39
CG en TSS	Promotor principal	0.23990511270213902	0.18758014288331196	0.1588430535798957	2.512292811105801e-6	3.708622721156183e-6
TA en TSS	Sin promotores alternativos	-0.10679091234877795	0.07396077019974806	0.07964319847085059	0.19617683838375022	0.219812602044443
TA en TSS	Promotor secundario	0.047652446198842735	0.07947019867549669	0.0768881626724764	0.5322180363485128	0.5439151360484801
TA en TSS	Promotor principal	0.0518108149083832	0.07986810771203517	0.0770507349454718	0.525833354446895	0.5433611329284582
TG en TSS	Sin promotores alternativos	0.19463851873146903	0.14018355227640814	0.12249123924816821	0.0011255507810814121	0.0015170467049358163
TG en TSS	Promotor secundario	-0.20690215268588363	0.11695082429195434	0.13498547567175018	3.7759816990562807e-4	5.164210264885795e-4
TG en TSS	Promotor principal	0.02854183812798149	0.12969408316541492	0.12715346925873242	0.645116064630235	0.6521281957675201
CA en TSS	Sin promotores alternativos	0.0498314987095926	0.3908583768220263	0.37758840395030263	0.09076454374653244	0.10821926369778867
CA en TSS	Promotor secundario	-0.06923962457912992	0.37057911793715653	0.38879811183732754	0.013911455823045633	0.01748331610193573
CA en TSS	Promotor principal	0.027176073885169422	0.38670086096354644	0.37948474790580056	0.3593771881215016	0.38862881971278657
TSS no canónico	Sin promotores alternativos	-0.7892083025677151	0.11517005578549577	0.19902835297865562	1.715327743446962e-45	5.908351116317314e-45
TSS no canónico	Promotor secundario	0.9062878275149667	0.24193321121600678	0.12908496732026145	1.5296510789925355e-83	7.903197241461434e-83
TSS no canónico	Promotor principal	-0.3788263471743851	0.14324967942846675	0.18626521258100207	1.1685268205529624e-12	2.3121913683282024e-12
TSS fuerte	Sin promotores alternativos	0.05219258701722862	0.15062083858196867	0.14526919401083146	0.35085901073960435	0.38388103527980244
TSS fuerte	Promotor secundario	-0.07927183266014962	0.14203184444131323	0.15005446623093682	0.13802720039767527	0.16045662046229753
TSS fuerte	Promotor principal	0.035905139792167154	0.1494779263601392	0.14580369843527738	0.5219933922326989	0.5433611329284582
Alta especificidad tisular	Sin promotores alternativos	-0.8199604814767376	0.20910563253554076	0.36914622491239246	3.179582708224207e-105	2.274624552806548e-104
Alta especificidad tisular	Promotor secundario	1.0681018074037598	0.46935324785120475	0.2238562091503268	5.152954759482961e-259	7.98707987719859e-258
Alta especificidad tisular	Promotor principal	-0.5718502935239306	0.23887158820296758	0.35506559190769715	6.148521100275596e-55	2.1992787012524247e-54
Baja especificidad tisular	Sin promotores alternativos	0.9478262748733779	0.5251034730969948	0.27222045237336734	4.387099802920096e-232	4.533336463017433e-231
Baja especificidad tisular	Promotor secundario	-1.7256492411434383	0.14555445963082994	0.4813907044299201	0	0
Baja especificidad tisular	Promotor principal	0.48465631868363324	0.4368932038834951	0.31223328591749644	1.2857073892485216e-57	4.7828314880045005e-57
Promotores angostos	Sin promotores alternativos	-0.6584221068209261	0.2374606699981492	0.37479733381372726	1.7331667142013952e-71	7.008021931336077e-71
Promotores angostos	Promotor secundario	1.1391531912880453	0.5080494831384511	0.23066767257638626	5.765748181420139e-284	1.072429161744146e-282
Promotores angostos	Promotor principal	-0.760124310985962	0.2236108440684484	0.3787154989384289	1.0677476288065182e-89	6.2062830924378864e-89
Promotores anchos	Sin promotores alternativos	0.16226523460234635	0.3660929113455488	0.32714826157449106	7.870113440679766e-7	1.1998697540708496e-6
Promotores anchos	Promotor secundario	-0.6495675949460261	0.24894085748178274	0.39051301395699733	1.4679581079786043e-77	6.500957335333819e-77
Promotores anchos	Promotor principal	0.4476647943324482	0.4158815612382234	0.3049363057324841	1.1147355400564803e-43	3.702514472330453e-43
Alta actividad en HEK293	Sin promotores alternativos	1.1226551494327617	0.4443044808349829	0.2040458744823192	6.101352462107157e-233	7.09282223719957e-232
Alta actividad en HEK293	Promotor secundario	-1.8922746375766935	0.10483302804001692	0.389161220043573	0	0
Alta actividad en HEK293	Promotor principal	0.3913161174911252	0.3330280271111925	0.25391180654338547	3.832699330656213e-27	9.139513788487892e-27
Alta accesibilidad de cromatina (DNase-seq)	Sin promotores alternativos	0.9143106828042853	0.5577753779697624	0.2959541255176808	1.5642804167754736e-242	2.0782582680017008e-241
Alta accesibilidad de cromatina (DNase-seq)	Promotor secundario	-1.3777491343137378	0.19078483866422433	0.4957784838856105	0	0
Alta accesibilidad de cromatina (DNase-seq)	Promotor principal	0.2980022362296076	0.432679978017952	0.35193234805974866	1.3396192192904027e-24	3.1146146848501864e-24
Enhancers a 50kb	Sin promotores alternativos	-0.10139719165602698	0.6820226741047327	0.7316820643517044	1.0824497102163644e-11	2.0133564610024378e-11
Enhancers a 50kb	Promotor secundario	0.06471948509489187	0.736085670001409	0.7037944807552651	2.456735721929291e-6	3.6851035828939363e-6
Enhancers a 50kb	Promotor principal	0.02731041602105526	0.7259571350064115	0.7123439228702386	0.06427385385946245	0.07762945985623387
Sin módulo cis-regulatorio	Sin promotores alternativos	-0.44067257181686786	0.002699298182472557	0.003663587129659127	0.33315385833073935	0.36884891458046143
Sin módulo cis-regulatorio	Promotor secundario	1.0631625519361223	0.0049316612653233765	0.0023602033405954975	0.005337793811020292	0.0069917580904913686
Sin módulo cis-regulatorio	Promotor principal	-0.9715396723689972	0.002015021066129328	0.003951319740793425	0.04914180995813555	0.06013405692245534
