rep	tercil_at	estimate	conf.low	conf.high	p	clase	n	n_ref	p_adj	efecto
Rep 1	A/T bajo	0.5417458838274888	0.38476963321929225	0.7344982564436215	2.575432038765689e-13	Canónica	96	2484	7.726296116297066e-13	Mayor actividad
Rep 1	A/T bajo	-0.019665254703944524	-0.06663023712598602	0.027513707452935028	0.41128537657762304	Solo no canónica	464	2484	0.47383393919586037	n.s.
Rep 1	A/T bajo	-0.023622977334602502	-0.08824745210648469	0.04153698113450705	0.47383393919586037	Solo hebra opuesta	231	2484	0.47383393919586037	n.s.
Rep 1	A/T medio	0.29342825030586833	0.20239425546808917	0.391243901764564	2.8158050136908305e-10	Canónica	202	2063	8.447415041072491e-10	Mayor actividad
Rep 1	A/T medio	-0.020265793505796947	-0.06212614845694218	0.021087249656512104	0.33713828807865853	Solo no canónica	612	2063	0.34627002432201176	n.s.
Rep 1	A/T medio	-0.02313488064014189	-0.07153650478703424	0.02534173027537656	0.34627002432201176	Solo hebra opuesta	397	2063	0.34627002432201176	n.s.
Rep 1	A/T alto	0.18908352711322648	0.12637860010977145	0.25415903948136215	1.3200565404135487e-9	Canónica	417	1500	3.960169621240646e-9	Mayor actividad
Rep 1	A/T alto	-0.072720441648795	-0.10816188118158103	-0.03746988134545876	5.469696408067768e-5	Solo no canónica	837	1500	8.204544612101653e-5	Menor actividad
Rep 1	A/T alto	-0.03725312914468109	-0.07718447143247688	0.0026125750643412513	0.06728861195825604	Solo hebra opuesta	520	1500	0.06728861195825604	n.s.
Rep 2	A/T bajo	0.46682605327436344	0.2875921333549329	0.6502494886434392	5.8038455593921724e-8	Canónica	108	2942	1.7411536678176517e-7	Mayor actividad
Rep 2	A/T bajo	-0.007446235102468413	-0.06589560356518383	0.045287188768355705	0.7283703463662516	Solo no canónica	542	2942	0.7283703463662516	n.s.
Rep 2	A/T bajo	-0.02732644081487582	-0.11061830821962486	0.04792425662696955	0.47610519862812867	Solo hebra opuesta	279	2942	0.714157797942193	n.s.
Rep 2	A/T medio	0.3583681561353723	0.23567009560580315	0.4848152021484031	1.308885141331785e-9	Canónica	227	2409	3.926655423995355e-9	Mayor actividad
Rep 2	A/T medio	-0.030213366623484634	-0.08138123923126686	0.017024312230091727	0.21418443393220807	Solo no canónica	770	2409	0.21418443393220807	n.s.
Rep 2	A/T medio	-0.03823598335974156	-0.09881649395228616	0.01859524476922926	0.19649005218320525	Solo hebra opuesta	465	2409	0.21418443393220807	n.s.
Rep 2	A/T alto	0.14774810097197363	0.07752638469790321	0.22371866723715497	2.164065838055467e-5	Canónica	513	1692	6.492197514166402e-5	Mayor actividad
Rep 2	A/T alto	-0.05203974198746243	-0.09383014821347023	-0.010362104219568364	0.009643040056727293	Solo no canónica	1055	1692	0.009643040056727293	Menor actividad
Rep 2	A/T alto	-0.06442374682442732	-0.11305794842688274	-0.01657995398895923	0.0064872161202215355	Solo hebra opuesta	611	1692	0.009643040056727293	Menor actividad
