rep	corte	cgi	estimate	conf.low	conf.high	p	clase	n	n_ref	p_adj	efecto
Rep 1	−9,00	Con isla CpG	0.345524540008034	0.27936130803569975	0.4155465972505405	6.927632098847388e-27	Canónica	513	3738	2.0782896296542163e-26	Mayor actividad
Rep 1	−9,00	Con isla CpG	-0.01094502920771923	-0.03914587664713175	0.017019206232386584	0.4382684214210641	Solo no canónica	1770	3738	0.4382684214210641	n.s.
Rep 1	−9,00	Con isla CpG	-0.03359569970350878	-0.06781002150667549	5.626778087622409e-4	0.05451397267728893	Solo hebra opuesta	969	3738	0.0817709590159334	n.s.
Rep 1	−9,00	Sin isla CpG	0.15819404986485303	0.10208719366249956	0.21564701868398922	2.1010774192395798e-8	Canónica	331	951	6.30323225771874e-8	Mayor actividad
Rep 1	−9,00	Sin isla CpG	-0.04248352171036751	-0.07184193977065853	-0.012826483519213856	0.0047999202573483475	Solo no canónica	1049	951	0.007199880386022522	Menor actividad
Rep 1	−9,00	Sin isla CpG	-0.00328453441141628	-0.037255144044580475	0.030955363716465806	0.8507069188464782	Solo hebra opuesta	502	951	0.8507069188464782	n.s.
Rep 1	−8,17 (EPD)	Con isla CpG	0.38477699934926696	0.3095576440072914	0.46549919645829274	9.434007531140755e-27	Canónica	429	4667	2.8302022593422265e-26	Mayor actividad
Rep 1	−8,17 (EPD)	Con isla CpG	-0.0028606332098565198	-0.03478460057060104	0.029047945258436108	0.8576920893640005	Solo no canónica	1164	4667	0.8576920893640005	n.s.
Rep 1	−8,17 (EPD)	Con isla CpG	-0.022001295466595024	-0.05982857933945121	0.015617972129228715	0.25097937287839667	Solo hebra opuesta	730	4667	0.376469059317595	n.s.
Rep 1	−8,17 (EPD)	Sin isla CpG	0.16264396271889472	0.10437605463016844	0.22281593561419996	2.1178988854767056e-8	Canónica	286	1380	6.353696656430116e-8	Mayor actividad
Rep 1	−8,17 (EPD)	Sin isla CpG	-0.04862274919899506	-0.07910433908605259	-0.01849463984114887	0.0016180359001670766	Solo no canónica	749	1380	0.002427053850250615	Menor actividad
Rep 1	−8,17 (EPD)	Sin isla CpG	-0.010810924207130727	-0.045964015274173	0.024488089039105952	0.5502354169203157	Solo hebra opuesta	418	1380	0.5502354169203157	n.s.
Rep 1	−7,00	Con isla CpG	0.4267433768157378	0.33805801908397815	0.5245233642252237	7.26419758271349e-25	Canónica	328	5592	2.179259274814047e-24	Mayor actividad
Rep 1	−7,00	Con isla CpG	-0.02126581242520511	-0.06461508272793072	0.021966786030331236	0.33359595690559435	Solo no canónica	560	5592	0.4780636541860821	n.s.
Rep 1	−7,00	Con isla CpG	-0.016065049404971356	-0.0608149122998009	0.028419868591771983	0.4780636541860821	Solo hebra opuesta	510	5592	0.4780636541860821	n.s.
Rep 1	−7,00	Sin isla CpG	0.1999358301224568	0.13637464940002514	0.26682315720872357	4.0187681668498696e-10	Canónica	225	1886	1.2056304500549608e-9	Mayor actividad
Rep 1	−7,00	Sin isla CpG	-0.04897122589936938	-0.08708536709130334	-0.0116497603046387	0.010242019646495697	Solo no canónica	396	1886	0.015363029469743546	Menor actividad
Rep 1	−7,00	Sin isla CpG	-0.03669549937144819	-0.07427325820649358	8.561603120967206e-4	0.05523509054368661	Solo hebra opuesta	326	1886	0.05523509054368661	n.s.
Rep 2	−9,00	Con isla CpG	0.3756475946578406	0.29200414170464745	0.4598441311908083	5.0970277116701526e-21	Canónica	580	4338	1.529108313501046e-20	Mayor actividad
Rep 2	−9,00	Con isla CpG	0.015870856786751528	-0.015360851831372153	0.05257031986923924	0.3220045434097394	Solo no canónica	2043	4338	0.3220045434097394	n.s.
Rep 2	−9,00	Con isla CpG	-0.03597502322886089	-0.08045191113219505	0.004622064937902934	0.09378314302744793	Solo hebra opuesta	1095	4338	0.1406747145411719	n.s.
Rep 2	−9,00	Sin isla CpG	0.12367498977410786	0.06274042904513547	0.18795558785138447	4.095890284392156e-5	Canónica	428	1126	1.2287670853176468e-4	Mayor actividad
Rep 2	−9,00	Sin isla CpG	-0.007168259564839369	-0.03984032905170637	0.021463674818379543	0.5703466485870432	Solo no canónica	1411	1126	0.5703466485870432	n.s.
Rep 2	−9,00	Sin isla CpG	-0.016199821289502092	-0.056241645694139454	0.02103656194547279	0.38527951111658015	Solo hebra opuesta	592	1126	0.5703466485870432	n.s.
Rep 2	−8,17 (EPD)	Con isla CpG	0.4189602234976031	0.32686074369142754	0.5133231889059662	4.792409461781465e-21	Canónica	485	5387	1.4377228385344395e-20	Mayor actividad
Rep 2	−8,17 (EPD)	Con isla CpG	0.004542746208329463	-0.03169767843401932	0.04558218946781297	0.752800599560355	Solo no canónica	1345	5387	0.752800599560355	n.s.
Rep 2	−8,17 (EPD)	Con isla CpG	-0.037616534444099646	-0.08677158892908969	0.007875858517028867	0.11783029873115612	Solo hebra opuesta	839	5387	0.17674544809673418	n.s.
Rep 2	−8,17 (EPD)	Sin isla CpG	0.1228924331519302	0.060693990520347865	0.1885306407755068	6.772531286311345e-5	Canónica	363	1656	2.0317593858934036e-4	Mayor actividad
Rep 2	−8,17 (EPD)	Sin isla CpG	-0.005751518977191547	-0.03897777287796397	0.02300634562829575	0.6397985426811617	Solo no canónica	1022	1656	0.6397985426811617	n.s.
Rep 2	−8,17 (EPD)	Sin isla CpG	-0.015906360470991955	-0.056331000452575844	0.020613713771826192	0.37951216383672437	Solo hebra opuesta	516	1656	0.5692682457550866	n.s.
Rep 2	−7,00	Con isla CpG	0.47412164924905537	0.36793556314652864	0.5823499273426583	3.203882111279202e-20	Canónica	369	6464	9.611646333837606e-20	Mayor actividad
Rep 2	−7,00	Con isla CpG	-0.007107307383330069	-0.06182734113880376	0.04336912698287045	0.7371660327656641	Solo no canónica	659	6464	0.7371660327656641	n.s.
Rep 2	−7,00	Con isla CpG	0.009599194556978786	-0.04522386471139292	0.06776609630439165	0.6995109377412844	Solo hebra opuesta	564	6464	0.7371660327656641	n.s.
Rep 2	−7,00	Sin isla CpG	0.15252034822317165	0.08477914983293629	0.22813310857310837	6.790502051766787e-6	Canónica	284	2293	2.0371506155300363e-5	Mayor actividad
Rep 2	−7,00	Sin isla CpG	-0.007021010970962393	-0.047510427285047174	0.027378222732493192	0.6335748673240358	Solo no canónica	565	2293	0.6335748673240358	n.s.
Rep 2	−7,00	Sin isla CpG	-0.035674192258296725	-0.07817603395942677	0.003041933432598941	0.08211914997468922	Solo hebra opuesta	415	2293	0.12317872496203383	n.s.
