rep	corte	estimate	conf.low	conf.high	p	clase	n	n_ref	p_adj	efecto
Rep 1	−9,00	0.21448938505306334	0.16921444419153256	0.2610078961690346	1.5898782617129831e-21	Canónica	844	4689	4.76963478513895e-21	Mayor actividad
Rep 1	−9,00	-0.06129339549123013	-0.08244449864860602	-0.04010386408791217	1.4950237815750774e-8	Solo no canónica	2819	4689	2.242535672362616e-8	Menor actividad
Rep 1	−9,00	-0.05176155399969944	-0.07740188960218031	-0.02612214353736741	7.622229569460356e-5	Solo hebra opuesta	1471	4689	7.622229569460356e-5	Menor actividad
Rep 1	−8,17 (EPD)	0.23945268224492255	0.19008861033868138	0.2906587588014809	9.665248932473712e-23	Canónica	715	6047	2.8995746797421134e-22	Mayor actividad
Rep 1	−8,17 (EPD)	-0.05797578071176502	-0.08129912301094351	-0.03466896854956883	1.0854520120223312e-6	Solo no canónica	1913	6047	1.6281780180334968e-6	Menor actividad
Rep 1	−8,17 (EPD)	-0.04583731053478577	-0.07344261509146544	-0.018170229153195713	0.0011517658000940226	Solo hebra opuesta	1148	6047	0.0011517658000940226	Menor actividad
Rep 1	−7,00	0.2801321993102803	0.2238960383485889	0.3394753143943034	2.168545854189049e-24	Canónica	553	7478	6.5056375625671465e-24	Mayor actividad
Rep 1	−7,00	-0.06926767536944485	-0.09989106986990746	-0.03874150473916978	8.97394074952964e-6	Solo no canónica	956	7478	1.346091112429446e-5	Menor actividad
Rep 1	−7,00	-0.05626574443073299	-0.08766260673914666	-0.024879586283120283	4.318893442733708e-4	Solo hebra opuesta	836	7478	4.318893442733708e-4	Menor actividad
Rep 2	−9,00	0.18898868061781904	0.13454135502793205	0.24455944353605896	1.2741244401132055e-12	Canónica	1008	5464	3.822373320339616e-12	Mayor actividad
Rep 2	−9,00	-0.05228649888068441	-0.07864787265497665	-0.026107427231323206	3.2427441350951127e-5	Solo no canónica	3454	5464	3.2427441350951127e-5	Menor actividad
Rep 2	−9,00	-0.07135858714703086	-0.10404031080431164	-0.03855955869047021	1.0488728598887529e-5	Solo hebra opuesta	1687	5464	1.5733092898331294e-5	Menor actividad
Rep 2	−8,17 (EPD)	0.21070659676818318	0.15116781490231004	0.2715768985648206	2.0881444426382397e-13	Canónica	848	7043	6.264433327914719e-13	Mayor actividad
Rep 2	−8,17 (EPD)	-0.05560188371123714	-0.08395968229146837	-0.02713329810175865	4.941747379837101e-5	Solo no canónica	2367	7043	4.941747379837101e-5	Menor actividad
Rep 2	−8,17 (EPD)	-0.07152612632626647	-0.10620336236425064	-0.03695746364377045	2.8132544872382613e-5	Solo hebra opuesta	1355	7043	4.219881730857392e-5	Menor actividad
Rep 2	−7,00	0.2581566408540684	0.19149055012091665	0.3291970987162324	2.338666533897606e-15	Canónica	653	8757	7.015999601692818e-15	Mayor actividad
Rep 2	−7,00	-0.06497601775372895	-0.10137183691030095	-0.028842494981665846	2.0467361335190193e-4	Solo no canónica	1224	8757	3.070104200278529e-4	Menor actividad
Rep 2	−7,00	-0.057324353446265484	-0.0964311538342057	-0.018004085366575412	0.002844053666885928	Solo hebra opuesta	979	8757	0.002844053666885928	Menor actividad
