rep	tercil_at	hebra	win	estimate	conf.low	conf.high	p	n	n_ref	prop	p_adj	seg	win_center	sig
Rep 1	A/T bajo	Misma hebra	-233	-0.07861625305364581	-0.21671670075094707	0.0579015285676709	0.254889130936137	54	2484	0.01648854961832061	0.9176008713700933	Misma hebra 1	-228.5	FALSE
Rep 1	A/T bajo	Misma hebra	-223	0.07871020893149751	-0.09397537307240625	0.2494740371322917	0.37112369199621575	36	2484	0.01099236641221374	0.9978968431857945	Misma hebra 1	-218.5	FALSE
Rep 1	A/T bajo	Misma hebra	-213	-0.005469343528022401	-0.1308305944384614	0.11654636428069175	0.925041846078524	48	2484	0.01465648854961832	0.9978968431857945	Misma hebra 1	-208.5	FALSE
Rep 1	A/T bajo	Misma hebra	-203	-0.06376353800428099	-0.20403119760173866	0.07268363998714492	0.36551068022364225	42	2484	0.01282442748091603	0.9978968431857945	Misma hebra 1	-198.5	FALSE
Rep 1	A/T bajo	Misma hebra	-193	0.05796932938700722	-0.09259695347597147	0.21045233065684055	0.4425325495792199	38	2484	0.011603053435114504	0.9978968431857945	Misma hebra 1	-188.5	FALSE
Rep 1	A/T bajo	Misma hebra	-183	-0.02174871482932003	-0.18846584855129522	0.15165256437352273	0.8047958080650773	38	2484	0.011603053435114504	0.9978968431857945	Misma hebra 1	-178.5	FALSE
Rep 1	A/T bajo	Misma hebra	-173	0.010547085368444554	-0.15393500380814698	0.1837317719778881	0.902369814597721	34	2484	0.010381679389312977	0.9978968431857945	Misma hebra 1	-168.5	FALSE
Rep 1	A/T bajo	Misma hebra	-163	-0.11989524588141476	-0.2776431502562585	0.02682797000010121	0.10806761920391948	25	2484	0.007633587786259542	0.7780868582682203	Misma hebra 1	-158.5	FALSE
Rep 1	A/T bajo	Misma hebra	-153	0.05918462168982769	-0.12943000472676244	0.2377774209588844	0.5259475335390036	23	2484	0.007022900763358778	0.9978968431857945	Misma hebra 1	-148.5	FALSE
Rep 1	A/T bajo	Misma hebra	-143	-0.0042179446959120116	-0.17069803187746607	0.15800583722272396	0.9581018550761853	28	2484	0.008549618320610687	0.9978968431857945	Misma hebra 1	-138.5	FALSE
Rep 1	A/T bajo	Misma hebra	-133	0.07610585611504544	-0.1115756127578318	0.2651300616374191	0.42391090779652424	25	2484	0.007633587786259542	0.9978968431857945	Misma hebra 1	-128.5	FALSE
Rep 1	A/T bajo	Misma hebra	-123	-0.2750534461599375	-0.450982502060947	-0.10263744231595658	0.0022121619724881736	25	2484	0.007633587786259542	0.02654594366985808	Misma hebra 1	-118.5	TRUE
Rep 1	A/T bajo	Misma hebra	-113	-0.0582487635138336	-0.24102484963752333	0.13577961223101068	0.5238391305105887	24	2484	0.00732824427480916	0.9978968431857945	Misma hebra 1	-108.5	FALSE
Rep 1	A/T bajo	Misma hebra	-103	0.1536849406451596	-0.10456444046591291	0.4206014749765313	0.2521373701419394	28	2484	0.008549618320610687	0.9176008713700933	Misma hebra 1	-98.5	FALSE
Rep 1	A/T bajo	Misma hebra	-83	0.03532720225987731	-0.1509453695151042	0.2173107833215833	0.70241770937133	21	2484	0.006412213740458015	0.9978968431857945	Misma hebra 2	-78.5	FALSE
Rep 1	A/T bajo	Misma hebra	-73	0.057141963545823495	-0.14309197864524237	0.24975298734139662	0.5689016938282686	23	2484	0.007022900763358778	0.9978968431857945	Misma hebra 2	-68.5	FALSE
Rep 1	A/T bajo	Misma hebra	-33	0.5208734880289748	0.36986168537444136	0.7051787340867751	3.7766598525393867e-13	98	2484	0.029923664122137403	1.3595975469141792e-11	Misma hebra 3	-28.5	TRUE
Rep 1	A/T bajo	Hebra opuesta	-223	-0.021664889789517822	-0.198445569072998	0.16769752738885269	0.8128949498407191	29	2484	0.008854961832061069	0.9978968431857945	Hebra opuesta 1	-218.5	FALSE
Rep 1	A/T bajo	Hebra opuesta	-213	-0.010170359871994506	-0.15417748942247203	0.1304020939560154	0.8804521723011555	48	2484	0.01465648854961832	0.9978968431857945	Hebra opuesta 1	-208.5	FALSE
Rep 1	A/T bajo	Hebra opuesta	-203	0.01966702412044706	-0.11344215226246554	0.15415114020726123	0.7735943393248935	51	2484	0.015572519083969465	0.9978968431857945	Hebra opuesta 1	-198.5	FALSE
Rep 1	A/T bajo	Hebra opuesta	-193	-0.005035260196555056	-0.13718204435735457	0.1169676938423147	0.937331924862925	40	2484	0.012213740458015267	0.9978968431857945	Hebra opuesta 1	-188.5	FALSE
Rep 1	A/T bajo	Hebra opuesta	-183	-0.09547763751213252	-0.2556407984458614	0.06475013669901597	0.23694850958943425	31	2484	0.009465648854961832	0.9176008713700933	Hebra opuesta 1	-178.5	FALSE
Rep 1	A/T bajo	Hebra opuesta	-173	-0.02723263039468211	-0.1967157369624809	0.148348741187183	0.7598014962426195	31	2484	0.009465648854961832	0.9978968431857945	Hebra opuesta 1	-168.5	FALSE
Rep 1	A/T bajo	Hebra opuesta	-163	-9.691890877974844e-4	-0.17793412972078837	0.17596725640701386	0.9915889005308811	27	2484	0.008244274809160306	0.9978968431857945	Hebra opuesta 1	-158.5	FALSE
Rep 1	A/T bajo	Hebra opuesta	-153	0.015042441757816995	-0.15212664274608842	0.17105661133014421	0.8584787772126363	26	2484	0.007938931297709924	0.9978968431857945	Hebra opuesta 1	-148.5	FALSE
Rep 1	A/T bajo	Hebra opuesta	-143	-2.141627821708068e-4	-0.17334711830804683	0.17411704088481855	0.9978968431857945	25	2484	0.007633587786259542	0.9978968431857945	Hebra opuesta 1	-138.5	FALSE
Rep 1	A/T bajo	Hebra opuesta	-133	0.020470473780031265	-0.14519284025786386	0.17949975146847927	0.8005365666844736	29	2484	0.008854961832061069	0.9978968431857945	Hebra opuesta 1	-128.5	FALSE
Rep 1	A/T bajo	Hebra opuesta	-123	-0.114144184735807	-0.3109926053315746	0.08268953558044223	0.24108424797711234	22	2484	0.006717557251908397	0.9176008713700933	Hebra opuesta 1	-118.5	FALSE
Rep 1	A/T bajo	Hebra opuesta	-113	-0.1362331641189686	-0.29366756893321194	0.02153988753009969	0.0888985103995515	32	2484	0.009770992366412214	0.7780868582682203	Hebra opuesta 1	-108.5	FALSE
Rep 1	A/T bajo	Hebra opuesta	-103	0.020906969034210774	-0.1761099744791427	0.24621750290272068	0.8334272651789113	24	2484	0.00732824427480916	0.9978968431857945	Hebra opuesta 1	-98.5	FALSE
Rep 1	A/T bajo	Hebra opuesta	-93	-0.06578493067449356	-0.2559743271704143	0.11972519093255078	0.4926448173994664	28	2484	0.008549618320610687	0.9978968431857945	Hebra opuesta 1	-88.5	FALSE
Rep 1	A/T bajo	Hebra opuesta	-83	-0.04409167388777484	-0.2655027506328516	0.17310291835251576	0.6856471198903873	20	2484	0.0061068702290076335	0.9978968431857945	Hebra opuesta 1	-78.5	FALSE
Rep 1	A/T bajo	Hebra opuesta	-73	-0.12650601244951898	-0.33955553738436034	0.0826625284602837	0.22510469981319192	20	2484	0.0061068702290076335	0.9176008713700933	Hebra opuesta 1	-68.5	FALSE
Rep 1	A/T bajo	Hebra opuesta	-63	0.03570963985133704	-0.13529794504332907	0.23106047525309242	0.6787803355536526	28	2484	0.008549618320610687	0.9978968431857945	Hebra opuesta 1	-58.5	FALSE
Rep 1	A/T bajo	Hebra opuesta	-33	0.5091374705852404	0.3262906103946493	0.7113411676060551	1.407461186782005e-8	67	2484	0.020458015267175573	2.533430136207609e-7	Hebra opuesta 2	-28.5	TRUE
Rep 1	A/T bajo	Hebra opuesta	-3	0.03501348654708424	-0.17106847034527453	0.24162574895783936	0.731048013786831	21	2484	0.006412213740458015	0.9978968431857945	Hebra opuesta 3	1.5	FALSE
Rep 1	A/T medio	Misma hebra	-233	0.05393223071160198	-0.09379521830416618	0.20160174807277143	0.45574663660340275	50	2063	0.015271838729383017	0.7727877751101178	Misma hebra 1	-228.5	FALSE
Rep 1	A/T medio	Misma hebra	-223	-8.379132911437936e-5	-0.12175290349188474	0.12245719991592313	0.9990286363777694	56	2063	0.01710445937690898	0.9990286363777694	Misma hebra 1	-218.5	FALSE
Rep 1	A/T medio	Misma hebra	-213	0.011075154047888003	-0.11258977685159043	0.13706939190671694	0.8580662496527657	55	2063	0.016799022602321318	0.9570938727935763	Misma hebra 1	-208.5	FALSE
Rep 1	A/T medio	Misma hebra	-203	-0.014898249802956592	-0.1468947873233504	0.12076040951129102	0.8211270938522245	53	2063	0.016188149053146	0.9570938727935763	Misma hebra 1	-198.5	FALSE
Rep 1	A/T medio	Misma hebra	-193	-0.011021690276913338	-0.13095968109420317	0.11059423669491192	0.8574926942090424	60	2063	0.01832620647525962	0.9570938727935763	Misma hebra 1	-188.5	FALSE
Rep 1	A/T medio	Misma hebra	-183	-0.07031646406398905	-0.2198673950555888	0.08206386267046495	0.35669206955742394	53	2063	0.016188149053146	0.7514868155874076	Misma hebra 1	-178.5	FALSE
Rep 1	A/T medio	Misma hebra	-173	-0.0482169750531676	-0.1620378781752986	0.059201115272737796	0.38387128857538616	58	2063	0.0177153329260843	0.7514868155874076	Misma hebra 1	-168.5	FALSE
Rep 1	A/T medio	Misma hebra	-163	0.02046743780726581	-0.14263535774255603	0.17967115616700732	0.794442242465104	38	2063	0.011606597434331093	0.9570938727935763	Misma hebra 1	-158.5	FALSE
Rep 1	A/T medio	Misma hebra	-153	-0.02251825861910899	-0.16309692006026635	0.11469824261289938	0.7443292424340584	40	2063	0.012217470983506415	0.9570938727935763	Misma hebra 1	-148.5	FALSE
Rep 1	A/T medio	Misma hebra	-143	0.06125411360333538	-0.08409178486907024	0.21411670086886542	0.40464674685475793	48	2063	0.014660965180207697	0.7514868155874076	Misma hebra 1	-138.5	FALSE
Rep 1	A/T medio	Misma hebra	-133	-0.1340849293803789	-0.27213544995112726	-0.0010883128532821764	0.04845607843356957	37	2063	0.011301160659743433	0.1975336655742828	Misma hebra 1	-128.5	FALSE
Rep 1	A/T medio	Misma hebra	-123	-0.06645432258523008	-0.22199669416584805	0.08599856542710284	0.38545506310548905	33	2063	0.010079413561392792	0.7514868155874076	Misma hebra 1	-118.5	FALSE
Rep 1	A/T medio	Misma hebra	-113	-0.10784536363482858	-0.28252013459725134	0.06284208749364896	0.2120776358623936	29	2063	0.00885766646304215	0.5854426553752917	Misma hebra 1	-108.5	FALSE
Rep 1	A/T medio	Misma hebra	-103	-0.0832032577348892	-0.23448303341189128	0.05074872671717138	0.2251702520674199	37	2063	0.011301160659743433	0.5854426553752917	Misma hebra 1	-98.5	FALSE
Rep 1	A/T medio	Misma hebra	-93	-0.13149885271121858	-0.2697897935112354	4.169916662531618e-4	0.0506496578395597	38	2063	0.011606597434331093	0.1975336655742828	Misma hebra 1	-88.5	FALSE
Rep 1	A/T medio	Misma hebra	-83	-0.09015327431242479	-0.27218652053104947	0.07655856495602319	0.2938023933259681	33	2063	0.010079413561392792	0.6740172552772209	Misma hebra 1	-78.5	FALSE
Rep 1	A/T medio	Misma hebra	-73	-0.1331631767122727	-0.27689649247786874	0.007637481812290438	0.06261375383030784	35	2063	0.010690287110568112	0.2219942181256369	Misma hebra 1	-68.5	FALSE
Rep 1	A/T medio	Misma hebra	-63	0.17132065752961007	-0.06419623328772565	0.43821582159876227	0.15463115328805707	22	2063	0.006719609040928528	0.4638934598641712	Misma hebra 1	-58.5	FALSE
Rep 1	A/T medio	Misma hebra	-33	0.29825595412711187	0.20761428904575369	0.39604814217934897	1.2196131478213223e-10	209	2063	0.06383628588882101	4.756491276503157e-9	Misma hebra 2	-28.5	TRUE
Rep 1	A/T medio	Hebra opuesta	-223	-0.09813205328831413	-0.21107570441156226	0.013103960912674234	0.08344691213492951	58	2063	0.0177153329260843	0.2712024644385209	Hebra opuesta 1	-218.5	FALSE
Rep 1	A/T medio	Hebra opuesta	-213	0.0637735235399931	-0.051877887887394426	0.18638446949667886	0.2829266370490354	56	2063	0.01710445937690898	0.6740172552772209	Hebra opuesta 1	-208.5	FALSE
Rep 1	A/T medio	Hebra opuesta	-203	-0.03407361485757459	-0.14495361961201927	0.07763989427806883	0.5444452644916993	60	2063	0.01832620647525962	0.8493346126070509	Hebra opuesta 1	-198.5	FALSE
Rep 1	A/T medio	Hebra opuesta	-193	-0.034848770861447095	-0.14359882992939296	0.07294340107642955	0.5313974644726203	63	2063	0.019242516799022603	0.8493346126070509	Hebra opuesta 1	-188.5	FALSE
Rep 1	A/T medio	Hebra opuesta	-183	-0.15011411869415894	-0.28681500384501885	-0.019076283466698415	0.025078971810912797	47	2063	0.014355528405620037	0.1397257000893713	Hebra opuesta 1	-178.5	FALSE
Rep 1	A/T medio	Hebra opuesta	-173	0.008238427976055547	-0.11365909613906046	0.12538992902017956	0.893721094751874	50	2063	0.015271838729383017	0.9570938727935763	Hebra opuesta 1	-168.5	FALSE
Rep 1	A/T medio	Hebra opuesta	-163	-0.13885226743283122	-0.2744643743249702	-0.007072083098119258	0.039756359939101676	42	2063	0.012828344532681736	0.19381225470312066	Hebra opuesta 1	-158.5	FALSE
Rep 1	A/T medio	Hebra opuesta	-153	0.007354093043590384	-0.14361456342387532	0.1618214410510385	0.9218267046479957	41	2063	0.012522907758094075	0.9570938727935763	Hebra opuesta 1	-148.5	FALSE
Rep 1	A/T medio	Hebra opuesta	-143	0.01783841984825254	-0.10649128666683334	0.15029193762971702	0.7735397859777294	49	2063	0.014966401954795358	0.9570938727935763	Hebra opuesta 1	-138.5	FALSE
Rep 1	A/T medio	Hebra opuesta	-133	-0.16005224957343925	-0.29756930220752364	-0.022544732525218818	0.02266001534376032	42	2063	0.012828344532681736	0.1397257000893713	Hebra opuesta 1	-128.5	FALSE
Rep 1	A/T medio	Hebra opuesta	-123	0.03873342750924115	-0.15245407719391654	0.21465034857781073	0.673776688923204	33	2063	0.010079413561392792	0.9570938727935763	Hebra opuesta 1	-118.5	FALSE
Rep 1	A/T medio	Hebra opuesta	-113	-0.05648370365244146	-0.19326795352811135	0.0866009234788872	0.42434179411361156	43	2063	0.013133781307269395	0.7522422713832205	Hebra opuesta 1	-108.5	FALSE
Rep 1	A/T medio	Hebra opuesta	-103	0.013157755284731041	-0.10896480599951203	0.129916782824139	0.827106389798085	54	2063	0.016493585827733658	0.9570938727935763	Hebra opuesta 1	-98.5	FALSE
Rep 1	A/T medio	Hebra opuesta	-93	-0.006488021083109679	-0.15447607117114648	0.1374146010855289	0.9325530042604075	41	2063	0.012522907758094075	0.9570938727935763	Hebra opuesta 1	-88.5	FALSE
Rep 1	A/T medio	Hebra opuesta	-83	-0.2035276030225881	-0.3450714119383521	-0.06965723503408268	0.002940451248475153	39	2063	0.011912034208918754	0.038225866230176986	Hebra opuesta 1	-78.5	TRUE
Rep 1	A/T medio	Hebra opuesta	-73	-0.18357052551567457	-0.32777960853417376	-0.04350204573818347	0.01158158508548976	38	2063	0.011606597434331093	0.09033636366682012	Hebra opuesta 1	-68.5	FALSE
Rep 1	A/T medio	Hebra opuesta	-63	-0.032759866861564776	-0.22836717230274317	0.2090482280233298	0.758056787465763	28	2063	0.00855222968845449	0.9570938727935763	Hebra opuesta 1	-58.5	FALSE
Rep 1	A/T medio	Hebra opuesta	-53	0.014964473065417599	-0.18505413350964478	0.22315978805722148	0.8763639943698952	22	2063	0.006719609040928528	0.9570938727935763	Hebra opuesta 1	-48.5	FALSE
Rep 1	A/T medio	Hebra opuesta	-33	0.3203142433745084	0.20027227462513222	0.45240966380757364	1.4798478173618356e-7	132	2063	0.04031765424557117	2.8857032438555793e-6	Hebra opuesta 2	-28.5	TRUE
Rep 1	A/T medio	Hebra opuesta	-3	0.3534730698012928	0.09458096601150413	0.6514174718838651	0.005966009935327162	25	2063	0.0076359193646915085	0.05816859686943983	Hebra opuesta 3	1.5	FALSE
Rep 1	A/T alto	Misma hebra	-233	-0.012160090648948501	-0.10981072756829713	0.08613383131253431	0.8089951446560997	72	1500	0.021991447770311544	0.8825401578066542	Misma hebra 1	-228.5	FALSE
Rep 1	A/T alto	Misma hebra	-223	0.009677164872297576	-0.10000111896274423	0.12004054584117668	0.8722749238473133	58	1500	0.0177153329260843	0.9073362044309248	Misma hebra 1	-218.5	FALSE
Rep 1	A/T alto	Misma hebra	-213	-0.02097412643301484	-0.1471820830648717	0.11437772730602858	0.757925513211702	56	1500	0.01710445937690898	0.8460563868409696	Misma hebra 1	-208.5	FALSE
Rep 1	A/T alto	Misma hebra	-203	-0.04214172179213059	-0.14507068117963812	0.06569295945658254	0.43934999010456416	79	1500	0.02412950519242517	0.5857999868060855	Misma hebra 1	-198.5	FALSE
Rep 1	A/T alto	Misma hebra	-193	-0.06274873011073062	-0.15781755831940242	0.03055336061918093	0.17958870373970073	75	1500	0.022907758094074526	0.3533814358419652	Misma hebra 1	-188.5	FALSE
Rep 1	A/T alto	Misma hebra	-183	-0.04014070083894563	-0.13697121803530393	0.06118676609057373	0.4119052633942104	67	1500	0.020464263897373245	0.5857999868060855	Misma hebra 1	-178.5	FALSE
Rep 1	A/T alto	Misma hebra	-173	-0.10412338105347818	-0.23961284991165974	0.02963948923494942	0.12125197076064234	45	1500	0.013744654856444716	0.2910047298255416	Misma hebra 1	-168.5	FALSE
Rep 1	A/T alto	Misma hebra	-163	-0.07625152628754704	-0.1911576587602809	0.03536889630360248	0.17782609560812135	57	1500	0.01740989615149664	0.3533814358419652	Misma hebra 1	-158.5	FALSE
Rep 1	A/T alto	Misma hebra	-153	-0.06996983415901843	-0.17569415496608454	0.03959411200388278	0.20312667818902952	67	1500	0.020464263897373245	0.3533814358419652	Misma hebra 1	-148.5	FALSE
Rep 1	A/T alto	Misma hebra	-143	-0.026428686575806656	-0.13352592887308304	0.08449829252122328	0.6198448859387348	65	1500	0.019853390348197924	0.7628860134630582	Misma hebra 1	-138.5	FALSE
Rep 1	A/T alto	Misma hebra	-133	-0.05802082727092945	-0.1884018441440493	0.07832540310793218	0.39534159135520075	55	1500	0.016799022602321318	0.5857999868060855	Misma hebra 1	-128.5	FALSE
Rep 1	A/T alto	Misma hebra	-123	-0.1021059340536441	-0.21350899773329443	0.006598791792948174	0.06572409325129364	56	1500	0.01710445937690898	0.2253397482901496	Misma hebra 1	-118.5	FALSE
Rep 1	A/T alto	Misma hebra	-113	-0.10884814721751522	-0.2306157691265165	0.018253726542202364	0.08999336373712902	53	1500	0.016188149053146	0.2540989093754231	Misma hebra 1	-108.5	FALSE
Rep 1	A/T alto	Misma hebra	-103	-0.08018101129327765	-0.1847378605765087	0.021163075669458235	0.12056204898670458	55	1500	0.016799022602321318	0.2910047298255416	Misma hebra 1	-98.5	FALSE
Rep 1	A/T alto	Misma hebra	-93	-0.07949620863196694	-0.19852270417579782	0.042015589273683006	0.19322623603979713	46	1500	0.014050091631032376	0.3533814358419652	Misma hebra 1	-88.5	FALSE
Rep 1	A/T alto	Misma hebra	-83	-0.08129893480269175	-0.2005696243228424	0.042887123190884356	0.19771503548662306	47	1500	0.014355528405620037	0.3533814358419652	Misma hebra 1	-78.5	FALSE
Rep 1	A/T alto	Misma hebra	-73	-0.02778898326078322	-0.1801796818290298	0.13720813998409231	0.7289279917224971	48	1500	0.014660965180207697	0.833060561968568	Misma hebra 1	-68.5	FALSE
Rep 1	A/T alto	Misma hebra	-63	-0.1158556250640567	-0.2615913716596219	0.034764586399447996	0.1295798036988645	34	1500	0.010384850335980453	0.2961824084545474	Misma hebra 1	-58.5	FALSE
Rep 1	A/T alto	Misma hebra	-53	-0.1724431568707286	-0.29174054534427485	-0.05938505321436419	0.0030560258151983	44	1500	0.013439218081857055	0.0366723097823796	Misma hebra 1	-48.5	TRUE
Rep 1	A/T alto	Misma hebra	-43	-0.2117376557684382	-0.3402313365829764	-0.08520417365794335	0.0015601292535728463	41	1500	0.012522907758094075	0.02496206805716554	Misma hebra 1	-38.5	TRUE
Rep 1	A/T alto	Misma hebra	-33	0.17797648577212397	0.11728898685892651	0.24078676705254265	3.9767688219703966e-9	431	1500	0.13164324984728162	1.9088490345457905e-7	Misma hebra 1	-28.5	TRUE
Rep 1	A/T alto	Misma hebra	-23	-0.11757124056350642	-0.24496664006954635	0.006117124076589006	0.06106144322887127	35	1500	0.010690287110568112	0.2253397482901496	Misma hebra 1	-18.5	FALSE
Rep 1	A/T alto	Misma hebra	-13	-0.02907060916628001	-0.1606262786971606	0.10401296096470419	0.6467980936526203	39	1500	0.011912034208918754	0.7761577123831443	Misma hebra 1	-8.5	FALSE
Rep 1	A/T alto	Misma hebra	-3	-0.18794711809674533	-0.3452842639455864	-0.03134596664486391	0.02050971832211519	25	1500	0.0076359193646915085	0.10938516438461433	Misma hebra 1	1.5	FALSE
Rep 1	A/T alto	Hebra opuesta	-223	-0.135306998347922	-0.22852579284164867	-0.041558657996371956	0.004630289401299818	67	1500	0.020464263897373245	0.04445077825247825	Hebra opuesta 1	-218.5	TRUE
Rep 1	A/T alto	Hebra opuesta	-213	0.03971116045831083	-0.06103021533365223	0.14058229823986648	0.419170295299927	71	1500	0.021686010995723884	0.5857999868060855	Hebra opuesta 1	-208.5	FALSE
Rep 1	A/T alto	Hebra opuesta	-203	-0.10189743751575371	-0.18808339930819282	-0.0169693513299786	0.019136590473881585	85	1500	0.02596212583995113	0.10938516438461433	Hebra opuesta 1	-198.5	FALSE
Rep 1	A/T alto	Hebra opuesta	-193	-0.06035808533657929	-0.15497030103868148	0.0363608791770601	0.21350128415452063	76	1500	0.023213194868662187	0.3533814358419652	Hebra opuesta 1	-188.5	FALSE
Rep 1	A/T alto	Hebra opuesta	-183	-0.002969007354715232	-0.09397449475139116	0.08573091337665138	0.9478196240813569	68	1500	0.020769700671960906	0.9478196240813569	Hebra opuesta 1	-178.5	FALSE
Rep 1	A/T alto	Hebra opuesta	-173	-0.13417772671407058	-0.24035883579260797	-0.02737491059014299	0.015493227833449605	71	1500	0.021686010995723884	0.10623927657222586	Hebra opuesta 1	-168.5	FALSE
Rep 1	A/T alto	Hebra opuesta	-163	-0.1013362121470745	-0.19984670391949297	-0.0039051856543978196	0.04029031479668602	79	1500	0.02412950519242517	0.1611612591867441	Hebra opuesta 1	-158.5	FALSE
Rep 1	A/T alto	Hebra opuesta	-153	-0.03332804170028754	-0.1322361943086832	0.06376225760746987	0.5134225067200742	71	1500	0.021686010995723884	0.6660616303395557	Hebra opuesta 1	-148.5	FALSE
Rep 1	A/T alto	Hebra opuesta	-143	-0.042552620684493545	-0.15294498944688062	0.06770119350532054	0.4274807360389244	61	1500	0.01863164324984728	0.5857999868060855	Hebra opuesta 1	-138.5	FALSE
Rep 1	A/T alto	Hebra opuesta	-133	-0.12590274974629367	-0.22719714732083848	-0.028225079710937656	0.01198249752064039	51	1500	0.015577275503970677	0.09585998016512312	Hebra opuesta 1	-128.5	FALSE
Rep 1	A/T alto	Hebra opuesta	-123	-0.02793339783782057	-0.12742421859544753	0.07354420068080925	0.6009656366041022	66	1500	0.020158827122785584	0.7591144883420238	Hebra opuesta 1	-118.5	FALSE
Rep 1	A/T alto	Hebra opuesta	-113	-0.10643023226016594	-0.2036687549122766	-0.009922816591925869	0.03079565472920155	59	1500	0.01802076970067196	0.14781914270016744	Hebra opuesta 1	-108.5	FALSE
Rep 1	A/T alto	Hebra opuesta	-103	-0.05956188380706128	-0.15319027665201065	0.033869880407739965	0.2095304194886961	72	1500	0.021991447770311544	0.3533814358419652	Hebra opuesta 1	-98.5	FALSE
Rep 1	A/T alto	Hebra opuesta	-93	-0.009573875923476097	-0.11945389440572776	0.0999433771047563	0.8650677085430956	51	1500	0.015577275503970677	0.9073362044309248	Hebra opuesta 1	-88.5	FALSE
Rep 1	A/T alto	Hebra opuesta	-83	-0.07283928499404409	-0.18091590024410695	0.03636438643754101	0.1883071930350394	58	1500	0.0177153329260843	0.3533814358419652	Hebra opuesta 1	-78.5	FALSE
Rep 1	A/T alto	Hebra opuesta	-73	-0.06166783938659598	-0.17307356233156437	0.05134566167957541	0.2720651589170647	58	1500	0.0177153329260843	0.4353042542673035	Hebra opuesta 1	-68.5	FALSE
Rep 1	A/T alto	Hebra opuesta	-63	-0.09563593516351623	-0.20184936980418286	0.008860488719571562	0.07123611494274741	60	1500	0.01832620647525962	0.22795556781679172	Hebra opuesta 1	-58.5	FALSE
Rep 1	A/T alto	Hebra opuesta	-53	-0.12194844739610233	-0.23992538087250792	-0.0055913203260156245	0.03904502931854784	46	1500	0.014050091631032376	0.1611612591867441	Hebra opuesta 1	-48.5	FALSE
Rep 1	A/T alto	Hebra opuesta	-43	-0.08330061810784087	-0.181484292615229	0.010302089847867294	0.08072750427900975	66	1500	0.020158827122785584	0.24218251283702924	Hebra opuesta 1	-38.5	FALSE
Rep 1	A/T alto	Hebra opuesta	-33	0.14589141517844975	0.08103176257472107	0.21411400685782297	6.533871978654778e-6	336	1500	0.10262675626145389	1.5681292748771466e-4	Hebra opuesta 1	-28.5	TRUE
Rep 1	A/T alto	Hebra opuesta	-23	-0.09440951991268313	-0.2113003932293958	0.01994740641421155	0.10377824019331529	43	1500	0.013133781307269395	0.27674197384884075	Hebra opuesta 1	-18.5	FALSE
Rep 1	A/T alto	Hebra opuesta	-13	-0.04817462636191716	-0.1678448025255391	0.06860278197088883	0.4137401717123445	53	1500	0.016188149053146	0.5857999868060855	Hebra opuesta 1	-8.5	FALSE
Rep 1	A/T alto	Hebra opuesta	-3	-0.008827912444583126	-0.12969082554484826	0.10896117161069652	0.888433366838614	54	1500	0.016493585827733658	0.9073362044309248	Hebra opuesta 1	1.5	FALSE
Rep 1	A/T alto	Hebra opuesta	7	-0.038615000404926936	-0.21921261005178752	0.13566781394145638	0.6673330069649834	26	1500	0.00794135613927917	0.7812679105931513	Hebra opuesta 1	11.5	FALSE
Rep 2	A/T bajo	Misma hebra	-233	0.013742718236025084	-0.14471700993138736	0.17330703760958413	0.8607801958578735	61	2942	0.015758202014983208	0.9673401388545937	Misma hebra 1	-228.5	FALSE
Rep 2	A/T bajo	Misma hebra	-223	0.11243359789735924	-0.07018914742006105	0.3076835501150016	0.2378404392446527	47	2942	0.012141565486954276	0.9673401388545937	Misma hebra 1	-218.5	FALSE
Rep 2	A/T bajo	Misma hebra	-213	0.0018804757314701329	-0.16290888396028136	0.1609397444833436	0.9673401388545937	52	2942	0.013433221389821752	0.9673401388545937	Misma hebra 1	-208.5	FALSE
Rep 2	A/T bajo	Misma hebra	-203	0.035281298035636496	-0.13825695415071598	0.23122866365791125	0.6479412460654697	53	2942	0.013691552570395246	0.9673401388545937	Misma hebra 1	-198.5	FALSE
Rep 2	A/T bajo	Misma hebra	-193	-0.01629373398473681	-0.21143968858992496	0.1686471947710125	0.8568402858418096	44	2942	0.01136657194523379	0.9673401388545937	Misma hebra 1	-188.5	FALSE
Rep 2	A/T bajo	Misma hebra	-183	-0.01816458241382217	-0.22148440909011644	0.18913617910779273	0.8398862031675072	41	2942	0.010591578403513303	0.9673401388545937	Misma hebra 1	-178.5	FALSE
Rep 2	A/T bajo	Misma hebra	-173	-0.04109560207648361	-0.2581251355033728	0.14566146384822964	0.6014922857769358	45	2942	0.011624903125807285	0.9673401388545937	Misma hebra 1	-168.5	FALSE
Rep 2	A/T bajo	Misma hebra	-163	-0.22779252305189365	-0.4362733139766224	-0.020881445622781113	0.027915000486920763	32	2942	0.008266597778351847	0.2009880035058295	Misma hebra 1	-158.5	FALSE
Rep 2	A/T bajo	Misma hebra	-153	-0.006725127998716883	-0.24941451885934576	0.22595691728302342	0.9506488972078191	29	2942	0.007491604236631361	0.9673401388545937	Misma hebra 1	-148.5	FALSE
Rep 2	A/T bajo	Misma hebra	-143	-0.056937710813494205	-0.28181034782938996	0.16136637203046103	0.5972574525094274	33	2942	0.008524928958925343	0.9673401388545937	Misma hebra 1	-138.5	FALSE
Rep 2	A/T bajo	Misma hebra	-133	0.06862608220340283	-0.1591754291053314	0.3170338549284729	0.5413120129443123	31	2942	0.008008266597778351	0.9673401388545937	Misma hebra 1	-128.5	FALSE
Rep 2	A/T bajo	Misma hebra	-123	-0.22395632062266205	-0.4465051527311716	-0.035077203813292	0.021745317693892277	29	2942	0.007491604236631361	0.19570785924503048	Misma hebra 1	-118.5	FALSE
Rep 2	A/T bajo	Misma hebra	-113	0.08083576907213007	-0.17639680000368446	0.33557216562644915	0.5391991579737384	29	2942	0.007491604236631361	0.9673401388545937	Misma hebra 1	-108.5	FALSE
Rep 2	A/T bajo	Misma hebra	-103	0.007361237231935855	-0.24822907881430098	0.2988911092681936	0.9412703647343998	33	2942	0.008524928958925343	0.9673401388545937	Misma hebra 1	-98.5	FALSE
Rep 2	A/T bajo	Misma hebra	-93	0.07123881315194493	-0.19603178713124803	0.3806526613625403	0.5662065302437458	22	2942	0.005683285972616895	0.9673401388545937	Misma hebra 1	-88.5	FALSE
Rep 2	A/T bajo	Misma hebra	-83	0.17088195162649816	-0.1522895194550023	0.4820308896577783	0.30060634121836405	20	2942	0.005166623611469905	0.9673401388545937	Misma hebra 1	-78.5	FALSE
Rep 2	A/T bajo	Misma hebra	-73	-0.06948585040722866	-0.3502576550717497	0.18599510445806774	0.6109035358810424	21	2942	0.0054249547920434	0.9673401388545937	Misma hebra 1	-68.5	FALSE
Rep 2	A/T bajo	Misma hebra	-33	0.4748688321972727	0.297896511410139	0.6546187035752611	2.123340052378225e-8	111	2942	0.02867476104365797	7.644024188561609e-7	Misma hebra 2	-28.5	TRUE
Rep 2	A/T bajo	Hebra opuesta	-223	-0.17358337778449032	-0.3740914983971126	0.014319942902744893	0.07608698873600953	40	2942	0.01033324722293981	0.45652193241605715	Hebra opuesta 1	-218.5	FALSE
Rep 2	A/T bajo	Hebra opuesta	-213	0.02275483066391898	-0.1436528583458901	0.1962295220433249	0.7253146224443097	57	2942	0.014724877292689228	0.9673401388545937	Hebra opuesta 1	-208.5	FALSE
Rep 2	A/T bajo	Hebra opuesta	-203	0.1086487057613565	-0.06628032226214564	0.3035348631621064	0.22030093121654123	61	2942	0.015758202014983208	0.9673401388545937	Hebra opuesta 1	-198.5	FALSE
Rep 2	A/T bajo	Hebra opuesta	-193	-0.05869256911836656	-0.2507311905437134	0.11283684700231457	0.5045547632986502	45	2942	0.011624903125807285	0.9673401388545937	Hebra opuesta 1	-188.5	FALSE
Rep 2	A/T bajo	Hebra opuesta	-183	-0.03248034043369591	-0.2501398360064211	0.1615676380492213	0.7039366615975291	34	2942	0.008783260139498837	0.9673401388545937	Hebra opuesta 1	-178.5	FALSE
Rep 2	A/T bajo	Hebra opuesta	-173	-0.09717834007871182	-0.30891216809353134	0.11363274599280267	0.3595505731417787	35	2942	0.009041591320072333	0.9673401388545937	Hebra opuesta 1	-168.5	FALSE
Rep 2	A/T bajo	Hebra opuesta	-163	-0.10518494849448884	-0.3401677854531382	0.12974262773368636	0.3942214704022322	31	2942	0.008008266597778351	0.9673401388545937	Hebra opuesta 1	-158.5	FALSE
Rep 2	A/T bajo	Hebra opuesta	-153	-0.05656295312477155	-0.28488747929625563	0.16585612738440653	0.6115502181004056	29	2942	0.007491604236631361	0.9673401388545937	Hebra opuesta 1	-148.5	FALSE
Rep 2	A/T bajo	Hebra opuesta	-143	-0.009925252739666934	-0.2425927463399497	0.21484193348402128	0.9246736579315139	31	2942	0.008008266597778351	0.9673401388545937	Hebra opuesta 1	-138.5	FALSE
Rep 2	A/T bajo	Hebra opuesta	-133	0.11297669671732319	-0.09341942503976688	0.3375419244042407	0.27212516103075324	36	2942	0.009299922500645827	0.9673401388545937	Hebra opuesta 1	-128.5	FALSE
Rep 2	A/T bajo	Hebra opuesta	-123	-0.3075729971377239	-0.5467046428280249	-0.0940338543828069	0.004803304490233083	26	2942	0.006716610694910876	0.057639653882796994	Hebra opuesta 1	-118.5	FALSE
Rep 2	A/T bajo	Hebra opuesta	-113	-0.05876107711862738	-0.2725708878910588	0.1440419472864116	0.5385319585964916	35	2942	0.009041591320072333	0.9673401388545937	Hebra opuesta 1	-108.5	FALSE
Rep 2	A/T bajo	Hebra opuesta	-103	-0.007142300645590706	-0.2801860979368028	0.27134860119364446	0.9355576415327421	27	2942	0.006974941875484371	0.9673401388545937	Hebra opuesta 1	-98.5	FALSE
Rep 2	A/T bajo	Hebra opuesta	-93	-0.026383439420330803	-0.24590677997273608	0.17885179240068919	0.7728682336987388	35	2942	0.009041591320072333	0.9673401388545937	Hebra opuesta 1	-88.5	FALSE
Rep 2	A/T bajo	Hebra opuesta	-73	0.049489832334638245	-0.21164170489496467	0.2998609652565841	0.6852661501098012	27	2942	0.006974941875484371	0.9673401388545937	Hebra opuesta 2	-68.5	FALSE
Rep 2	A/T bajo	Hebra opuesta	-63	0.08822127849309933	-0.15519373966032576	0.3471198875117724	0.4775030797434318	27	2942	0.006974941875484371	0.9673401388545937	Hebra opuesta 2	-58.5	FALSE
Rep 2	A/T bajo	Hebra opuesta	-33	0.41516860987275883	0.20990892591739813	0.6285935667520185	4.806937784410566e-5	74	2942	0.019116507362438646	8.652488011939018e-4	Hebra opuesta 3	-28.5	TRUE
Rep 2	A/T bajo	Hebra opuesta	-3	0.031217431865591512	-0.23378081791566668	0.2917183902693714	0.8008245400933751	21	2942	0.0054249547920434	0.9673401388545937	Hebra opuesta 4	1.5	FALSE
Rep 2	A/T medio	Misma hebra	-233	1.7050317375671943e-4	-0.154144104742309	0.1599499329215978	0.9937390515668445	72	2409	0.018599845001291655	0.9947660693947031	Misma hebra 1	-228.5	FALSE
Rep 2	A/T medio	Misma hebra	-223	-0.0533317267023606	-0.2010711588586733	0.09328390754467508	0.47223533990894834	75	2409	0.01937483854301214	0.9474309135011166	Misma hebra 1	-218.5	FALSE
Rep 2	A/T medio	Misma hebra	-213	-0.0035548096045538197	-0.16213845981518557	0.14547875147469252	0.9495286526848481	63	2409	0.0162748643761302	0.9947660693947031	Misma hebra 1	-208.5	FALSE
Rep 2	A/T medio	Misma hebra	-203	0.010462779368906385	-0.14081464640121302	0.1667624943992469	0.8709338781412672	64	2409	0.016533195556703694	0.9947660693947031	Misma hebra 1	-198.5	FALSE
Rep 2	A/T medio	Misma hebra	-193	-0.03931903812783864	-0.19716946501444255	0.11178947749561541	0.6294510864106144	65	2409	0.01679152673727719	0.9947660693947031	Misma hebra 1	-188.5	FALSE
Rep 2	A/T medio	Misma hebra	-183	-0.053955120458120315	-0.2102928707126634	0.09586706847930966	0.4737154567505583	65	2409	0.01679152673727719	0.9474309135011166	Misma hebra 1	-178.5	FALSE
Rep 2	A/T medio	Misma hebra	-173	-0.13776315765344335	-0.27483796487045886	-0.0072614942085515374	0.03774007385847722	74	2409	0.019116507362438646	0.2880051539751137	Misma hebra 1	-168.5	FALSE
Rep 2	A/T medio	Misma hebra	-163	0.023924670833589397	-0.16323127778481206	0.2121797969103904	0.7903567582300326	47	2409	0.012141565486954276	0.9947660693947031	Misma hebra 1	-158.5	FALSE
Rep 2	A/T medio	Misma hebra	-153	0.015307887813284137	-0.1476597100850237	0.18627303462918274	0.8251952773647226	54	2409	0.013949883750968742	0.9947660693947031	Misma hebra 1	-148.5	FALSE
Rep 2	A/T medio	Misma hebra	-143	-0.019107216737041837	-0.18288626842782882	0.1445999397161562	0.8072411773735588	53	2409	0.013691552570395246	0.9947660693947031	Misma hebra 1	-138.5	FALSE
Rep 2	A/T medio	Misma hebra	-133	-0.1606337055890724	-0.3306143543960797	-0.0013208900194821157	0.046575129410213106	48	2409	0.012399896667527771	0.2880051539751137	Misma hebra 1	-128.5	FALSE
Rep 2	A/T medio	Misma hebra	-123	-0.05908737315647395	-0.25185254933227413	0.12433840477568914	0.513698952119823	42	2409	0.0108499095840868	0.9784741945139485	Misma hebra 1	-118.5	FALSE
Rep 2	A/T medio	Misma hebra	-113	-0.12444856433822415	-0.3278161871461419	0.07021325341704897	0.21173607485370532	36	2409	0.009299922500645827	0.6656908374029146	Misma hebra 1	-108.5	FALSE
Rep 2	A/T medio	Misma hebra	-103	-0.041833318935157585	-0.2465965322695869	0.1530185665868757	0.6648227022272658	41	2409	0.010591578403513303	0.9947660693947031	Misma hebra 1	-98.5	FALSE
Rep 2	A/T medio	Misma hebra	-93	-0.13421212259050494	-0.31586990689887023	0.04005574057874974	0.1319114937869938	47	2409	0.012141565486954276	0.5276459751479752	Misma hebra 1	-88.5	FALSE
Rep 2	A/T medio	Misma hebra	-83	0.03588777594544486	-0.1674573656154416	0.24767553893105262	0.7175922258185137	42	2409	0.0108499095840868	0.9947660693947031	Misma hebra 1	-78.5	FALSE
Rep 2	A/T medio	Misma hebra	-73	-0.0804188009894047	-0.26296288995593486	0.1002918136704687	0.3675690609219975	44	2409	0.01136657194523379	0.8724690911533871	Misma hebra 1	-68.5	FALSE
Rep 2	A/T medio	Misma hebra	-63	0.03726468735027514	-0.17966497229922476	0.260540704176823	0.7129677639851513	34	2409	0.008783260139498837	0.9947660693947031	Misma hebra 1	-58.5	FALSE
Rep 2	A/T medio	Misma hebra	-53	-1.2463822816865833e-4	-0.28419531832843115	0.3200899482028451	0.9947660693947031	21	2409	0.0054249547920434	0.9947660693947031	Misma hebra 1	-48.5	FALSE
Rep 2	A/T medio	Misma hebra	-33	0.3500512825632136	0.23010652490666397	0.47533351359007164	1.759781602300463e-9	236	2409	0.06096615861534487	7.039126409201853e-8	Misma hebra 2	-28.5	TRUE
Rep 2	A/T medio	Hebra opuesta	-223	-0.08025543862869791	-0.2128600762457816	0.04663129169405925	0.21634952215594722	78	2409	0.020149832084732627	0.6656908374029146	Hebra opuesta 1	-218.5	FALSE
Rep 2	A/T medio	Hebra opuesta	-213	-0.025018426694665627	-0.1701028012794911	0.11862408117940916	0.7263725122310777	73	2409	0.018858176181865152	0.9947660693947031	Hebra opuesta 1	-208.5	FALSE
Rep 2	A/T medio	Hebra opuesta	-203	-0.030867523313112547	-0.1661548374549401	0.09640919612928761	0.6294888002324385	75	2409	0.01937483854301214	0.9947660693947031	Hebra opuesta 1	-198.5	FALSE
Rep 2	A/T medio	Hebra opuesta	-193	-0.0904166482885096	-0.2254173759293373	0.03792652717612985	0.17542473291912447	73	2409	0.018858176181865152	0.6379081197059071	Hebra opuesta 1	-188.5	FALSE
Rep 2	A/T medio	Hebra opuesta	-183	-0.12063194524327808	-0.2668767786236044	0.02022496864481966	0.09415710019690263	60	2409	0.015499870834409714	0.4184760008751228	Hebra opuesta 1	-178.5	FALSE
Rep 2	A/T medio	Hebra opuesta	-173	-0.013977706220586314	-0.17829701146818236	0.14504405551256724	0.848760097228561	63	2409	0.0162748643761302	0.9947660693947031	Hebra opuesta 1	-168.5	FALSE
Rep 2	A/T medio	Hebra opuesta	-163	-0.15149681575495574	-0.3104280220589811	-0.0027278212949094966	0.04602518011509922	53	2409	0.013691552570395246	0.2880051539751137	Hebra opuesta 1	-158.5	FALSE
Rep 2	A/T medio	Hebra opuesta	-153	0.023334594003144582	-0.1461049745845857	0.20101350899624632	0.7756368853723066	54	2409	0.013949883750968742	0.9947660693947031	Hebra opuesta 1	-148.5	FALSE
Rep 2	A/T medio	Hebra opuesta	-143	-0.004024415640379829	-0.17226981154661059	0.15992713682687992	0.9385342430078418	59	2409	0.015241539653836218	0.9947660693947031	Hebra opuesta 1	-138.5	FALSE
Rep 2	A/T medio	Hebra opuesta	-133	-0.1612997647423897	-0.3353011539088248	6.800608325115251e-5	0.0504009019456449	45	2409	0.011624903125807285	0.2880051539751137	Hebra opuesta 1	-128.5	FALSE
Rep 2	A/T medio	Hebra opuesta	-123	0.11034809146438938	-0.09404146482196626	0.31524000879343883	0.28035373183285883	39	2409	0.010074916042366313	0.8010106623795967	Hebra opuesta 1	-118.5	FALSE
Rep 2	A/T medio	Hebra opuesta	-113	-0.06679988139912657	-0.2322487118698347	0.08947933386704825	0.38441189487399613	52	2409	0.013433221389821752	0.8724690911533871	Hebra opuesta 1	-108.5	FALSE
Rep 2	A/T medio	Hebra opuesta	-103	-0.07018294166391406	-0.23088016002127268	0.09709382940072825	0.3926110910190242	59	2409	0.015241539653836218	0.8724690911533871	Hebra opuesta 1	-98.5	FALSE
Rep 2	A/T medio	Hebra opuesta	-93	-0.023992802461008385	-0.18924247220861343	0.1329934540568627	0.7429966206595695	53	2409	0.013691552570395246	0.9947660693947031	Hebra opuesta 1	-88.5	FALSE
Rep 2	A/T medio	Hebra opuesta	-83	-0.07495874789351346	-0.2502298758923549	0.0882864798438391	0.35818199549628743	47	2409	0.012141565486954276	0.8724690911533871	Hebra opuesta 1	-78.5	FALSE
Rep 2	A/T medio	Hebra opuesta	-73	-0.16731985224520962	-0.3354649346658659	-0.004994656022905426	0.04025019106682807	50	2409	0.012916559028674762	0.2880051539751137	Hebra opuesta 1	-68.5	FALSE
Rep 2	A/T medio	Hebra opuesta	-63	-0.015455655205690148	-0.23508304256808635	0.20404665790831752	0.8786168357312374	35	2409	0.009041591320072333	0.9947660693947031	Hebra opuesta 1	-58.5	FALSE
Rep 2	A/T medio	Hebra opuesta	-53	-0.008804759098624186	-0.2897365584461931	0.27342465608722716	0.9372724030886809	24	2409	0.006199948333763886	0.9947660693947031	Hebra opuesta 1	-48.5	FALSE
Rep 2	A/T medio	Hebra opuesta	-33	0.33689190417347853	0.1823647306689908	0.5095084866466779	9.612247907113817e-6	156	2409	0.04029966416946525	1.9224495814227635e-4	Hebra opuesta 2	-28.5	TRUE
Rep 2	A/T medio	Hebra opuesta	-3	0.3075730844080515	-0.013481637555906435	0.8360753396088508	0.06165124293637828	27	2409	0.006974941875484371	0.3082562146818914	Hebra opuesta 3	1.5	FALSE
Rep 2	A/T alto	Misma hebra	-233	0.007273452383362424	-0.11200682605623946	0.12480444004854727	0.8714654899178733	93	1692	0.024024799793335057	0.9186491790987129	Misma hebra 1	-228.5	FALSE
Rep 2	A/T alto	Misma hebra	-223	-0.10889736833854899	-0.22952483249287084	0.005684742546784844	0.06847250423077501	88	1692	0.02273314389046758	0.37279474525644174	Misma hebra 1	-218.5	FALSE
Rep 2	A/T alto	Misma hebra	-213	0.07734349293160003	-0.0653432830440926	0.21948226904918536	0.28902507774744773	79	1692	0.02040816326530612	0.625705673590759	Misma hebra 1	-208.5	FALSE
Rep 2	A/T alto	Misma hebra	-203	-0.06523231383551276	-0.17947026831147914	0.05396418916140147	0.26813330003161895	93	1692	0.024024799793335057	0.625705673590759	Misma hebra 1	-198.5	FALSE
Rep 2	A/T alto	Misma hebra	-193	0.044799034695255265	-0.060930017822543155	0.15739287002507618	0.4031140397159111	102	1692	0.02634978041849651	0.6733566322347588	Misma hebra 1	-188.5	FALSE
Rep 2	A/T alto	Misma hebra	-183	-0.006794247075988472	-0.1270954082942044	0.11231576820429609	0.8811532942375409	89	1692	0.022991475071041073	0.9186491790987129	Misma hebra 1	-178.5	FALSE
Rep 2	A/T alto	Misma hebra	-173	-0.007962116921976597	-0.1465873915211386	0.12094239332326792	0.8721686754200835	66	1692	0.017049857917850686	0.9186491790987129	Misma hebra 1	-168.5	FALSE
Rep 2	A/T alto	Misma hebra	-163	-0.08037292327848757	-0.2096292605895789	0.042944403056077204	0.21057725098730953	76	1692	0.019633169723585638	0.5570289063494474	Misma hebra 1	-158.5	FALSE
Rep 2	A/T alto	Misma hebra	-153	-0.09898855855615035	-0.2191230439502823	0.015380306019516265	0.08870216868211575	71	1692	0.01834151382071816	0.39512784231124287	Misma hebra 1	-148.5	FALSE
Rep 2	A/T alto	Misma hebra	-143	-0.05137465374615931	-0.17508109044626163	0.06495721145659604	0.39224278067835266	77	1692	0.019891500904159132	0.6733566322347588	Misma hebra 1	-138.5	FALSE
Rep 2	A/T alto	Misma hebra	-133	0.004934955899275897	-0.12256016107589092	0.14298947221308314	0.9009799047999446	75	1692	0.01937483854301214	0.9197503194832767	Misma hebra 1	-128.5	FALSE
Rep 2	A/T alto	Misma hebra	-123	-0.06111178864926206	-0.1910483823157397	0.058722235516381595	0.31147084469048103	66	1692	0.017049857917850686	0.6359196412430654	Misma hebra 1	-118.5	FALSE
Rep 2	A/T alto	Misma hebra	-113	-0.0424829563843241	-0.18057068510074692	0.0820998386719043	0.5026050819827095	70	1692	0.018083182640144666	0.7036471147757932	Misma hebra 1	-108.5	FALSE
Rep 2	A/T alto	Misma hebra	-103	-0.04071835207724573	-0.15992752581330133	0.06795185665658794	0.4534850788519804	83	1692	0.021441487987600105	0.6733566322347588	Misma hebra 1	-98.5	FALSE
Rep 2	A/T alto	Misma hebra	-93	-0.09919116240728149	-0.23419156307331349	0.02833044527267375	0.13674003805638132	63	1692	0.0162748643761302	0.5154047588278988	Misma hebra 1	-88.5	FALSE
Rep 2	A/T alto	Misma hebra	-83	-0.05695879568361387	-0.19280107033963204	0.07354373516992704	0.3896988846306716	60	1692	0.015499870834409714	0.6733566322347588	Misma hebra 1	-78.5	FALSE
Rep 2	A/T alto	Misma hebra	-73	0.0024377626041186943	-0.14467230785616994	0.1667993331551836	0.9362707343972476	66	1692	0.017049857917850686	0.9362707343972476	Misma hebra 1	-68.5	FALSE
Rep 2	A/T alto	Misma hebra	-63	-0.15368443018774336	-0.3221746323234834	0.006339617718837784	0.06286326626436592	40	1692	0.01033324722293981	0.37279474525644174	Misma hebra 1	-58.5	FALSE
Rep 2	A/T alto	Misma hebra	-53	-0.16575019485175987	-0.29959597857641695	-0.03104789550178074	0.015618825095496324	55	1692	0.014208214931542238	0.153064485935864	Misma hebra 1	-48.5	FALSE
Rep 2	A/T alto	Misma hebra	-43	-0.1026299497405482	-0.24994660281687922	0.04063437561978103	0.15684935383987125	55	1692	0.014208214931542238	0.5489727384395494	Misma hebra 1	-38.5	FALSE
Rep 2	A/T alto	Misma hebra	-33	0.13970211240392194	0.07109353736469202	0.21347549981146136	3.9054552436734795e-5	531	1692	0.13717385688452596	9.568365347000025e-4	Misma hebra 1	-28.5	TRUE
Rep 2	A/T alto	Misma hebra	-23	-0.1546272241579159	-0.31898916411649064	0.0020382221938888634	0.05738011970339447	44	1692	0.01136657194523379	0.37279474525644174	Misma hebra 1	-18.5	FALSE
Rep 2	A/T alto	Misma hebra	-13	-0.0820072176050999	-0.2437173786243075	0.07154582442025527	0.2936985814813767	46	1692	0.01188323430638078	0.625705673590759	Misma hebra 1	-8.5	FALSE
Rep 2	A/T alto	Misma hebra	-3	-0.015729218305238678	-0.19972179423065028	0.1651425763204553	0.8128911737124028	40	1692	0.01033324722293981	0.9186491790987129	Misma hebra 1	1.5	FALSE
Rep 2	A/T alto	Hebra opuesta	-233	-0.07235706901462138	-0.31550395007109244	0.20872010994335302	0.5894510075288044	23	1692	0.00594161715319039	0.8023083158030949	Hebra opuesta 1	-228.5	FALSE
Rep 2	A/T alto	Hebra opuesta	-223	-0.009898560296924633	-0.12623262746664554	0.09978683364551864	0.8257847559823495	90	1692	0.02324980625161457	0.9186491790987129	Hebra opuesta 1	-218.5	FALSE
Rep 2	A/T alto	Hebra opuesta	-213	0.010311671198449552	-0.10476695404848894	0.12409354082777599	0.8477722458488959	87	1692	0.022474812709894085	0.9186491790987129	Hebra opuesta 1	-208.5	FALSE
Rep 2	A/T alto	Hebra opuesta	-203	-0.04068757945861965	-0.1509035125732608	0.0631072975731908	0.43218090289728495	103	1692	0.02660811159907001	0.6733566322347588	Hebra opuesta 1	-198.5	FALSE
Rep 2	A/T alto	Hebra opuesta	-193	-0.019000362664167512	-0.1284783964724538	0.08745306331982	0.6931941903113739	105	1692	0.027124773960216998	0.8290360249922327	Hebra opuesta 1	-188.5	FALSE
Rep 2	A/T alto	Hebra opuesta	-183	-0.07772532731743927	-0.20357569364587674	0.03678520798776936	0.1902087980286399	88	1692	0.02273314389046758	0.5570289063494474	Hebra opuesta 1	-178.5	FALSE
Rep 2	A/T alto	Hebra opuesta	-173	-0.05202671023821949	-0.16594414243080324	0.05351777959378466	0.32870327568673036	95	1692	0.024541462154482045	0.6442584203459915	Hebra opuesta 1	-168.5	FALSE
Rep 2	A/T alto	Hebra opuesta	-163	-0.06426194469402514	-0.1730574795511645	0.03671875849354433	0.21599080042121427	95	1692	0.024541462154482045	0.5570289063494474	Hebra opuesta 1	-158.5	FALSE
Rep 2	A/T alto	Hebra opuesta	-153	-0.0480130280405818	-0.15779227577938	0.0630483042248683	0.37844717152658786	89	1692	0.022991475071041073	0.6733566322347588	Hebra opuesta 1	-148.5	FALSE
Rep 2	A/T alto	Hebra opuesta	-143	-0.045698198919226656	-0.16979675470538222	0.06880408753111529	0.43304518629662353	78	1692	0.020149832084732627	0.6733566322347588	Hebra opuesta 1	-138.5	FALSE
Rep 2	A/T alto	Hebra opuesta	-133	-0.15572658265875952	-0.2785001676828798	-0.035056345228384155	0.009658169480525551	69	1692	0.01782485145957117	0.118312576136438	Hebra opuesta 1	-128.5	FALSE
Rep 2	A/T alto	Hebra opuesta	-123	-0.02449244372121982	-0.13964617856523498	0.08340818198407375	0.64010358617481	89	1692	0.022991475071041073	0.8253967295412024	Hebra opuesta 1	-118.5	FALSE
Rep 2	A/T alto	Hebra opuesta	-113	-0.10712604888332938	-0.22241805129626938	-7.26368488730729e-4	0.04582577769527022	85	1692	0.021958150348747093	0.37279474525644174	Hebra opuesta 1	-108.5	FALSE
Rep 2	A/T alto	Hebra opuesta	-103	0.02512801931986485	-0.0855701251198705	0.1330251621679156	0.6371851891076555	91	1692	0.023508137432188065	0.8253967295412024	Hebra opuesta 1	-98.5	FALSE
Rep 2	A/T alto	Hebra opuesta	-93	-0.04935362187742741	-0.1904493215649055	0.08234577873235799	0.4513214154321859	68	1692	0.017566520278997674	0.6733566322347588	Hebra opuesta 1	-88.5	FALSE
Rep 2	A/T alto	Hebra opuesta	-83	-0.10445863476083023	-0.224891631068695	0.010875028807208371	0.08032511586457083	73	1692	0.018858176181865152	0.39359306773639713	Hebra opuesta 1	-78.5	FALSE
Rep 2	A/T alto	Hebra opuesta	-73	-0.06836617968763581	-0.1950217525646971	0.0583507026464282	0.29340975061755753	83	1692	0.021441487987600105	0.625705673590759	Hebra opuesta 1	-68.5	FALSE
Rep 2	A/T alto	Hebra opuesta	-63	-0.1942530540357291	-0.3100958705141556	-0.08169362104420648	5.851027492182052e-4	77	1692	0.019891500904159132	0.009556678237230684	Hebra opuesta 1	-58.5	TRUE
Rep 2	A/T alto	Hebra opuesta	-53	-0.09781977541792916	-0.22764722844741195	0.022733442296303037	0.11671440963146193	62	1692	0.016016533195556702	0.47658383932846954	Hebra opuesta 1	-48.5	FALSE
Rep 2	A/T alto	Hebra opuesta	-43	-0.03907661159048996	-0.14846768927748297	0.06785442017028759	0.4684428545656832	89	1692	0.022991475071041073	0.6751088198152493	Hebra opuesta 1	-38.5	FALSE
Rep 2	A/T alto	Hebra opuesta	-33	0.16805224358083973	0.08912083768360349	0.2537922479417138	1.3723444181530582e-5	399	1692	0.10307414104882459	6.724487648949985e-4	Hebra opuesta 1	-28.5	TRUE
Rep 2	A/T alto	Hebra opuesta	-23	-0.0926724223789251	-0.24478053664800847	0.05134333147938208	0.19853334610083861	49	1692	0.012658227848101266	0.5570289063494474	Hebra opuesta 1	-18.5	FALSE
Rep 2	A/T alto	Hebra opuesta	-13	0.02605677076680577	-0.11625102677985576	0.17650656711941223	0.6936832045853376	67	1692	0.01730818909842418	0.8290360249922327	Hebra opuesta 1	-8.5	FALSE
Rep 2	A/T alto	Hebra opuesta	-3	-0.08819337268234592	-0.22227691797842938	0.04557411109114718	0.19782415137045625	67	1692	0.01730818909842418	0.5570289063494474	Hebra opuesta 1	1.5	FALSE
Rep 2	A/T alto	Hebra opuesta	7	-0.0357359004036349	-0.2302492932311915	0.14823487470267582	0.6781053215082031	30	1692	0.007749935417204857	0.8290360249922327	Hebra opuesta 1	11.5	FALSE
