rep	hebra	win	estimate	conf.low	conf.high	p	n	n_ref	prop	p_adj	seg	win_center	sig	corte
Rep 1	Misma hebra	-233	-0.01609079152943745	-0.07392885450402342	0.042735971611739997	0.5894128034698898	290	4689	0.02952254911941362	0.6016922368755124	Misma hebra 1	-228.5	FALSE	−9,00
Rep 1	Misma hebra	-223	-0.04383069902965976	-0.09887477509649288	0.011107623038131703	0.1174335130031562	272	4689	0.027690115036139672	0.15142742466196457	Misma hebra 1	-218.5	FALSE	−9,00
Rep 1	Misma hebra	-213	-0.020896518847646144	-0.07944689530483136	0.03755530061402525	0.4817453865405393	252	4689	0.025654077165835284	0.5022451902231154	Misma hebra 1	-208.5	FALSE	−9,00
Rep 1	Misma hebra	-203	-0.06301122058595714	-0.11962398798533327	-0.006352753175277623	0.029014102941620545	273	4689	0.02779191692965489	0.050774680147835954	Misma hebra 1	-198.5	FALSE	−9,00
Rep 1	Misma hebra	-193	-0.03627876447797185	-0.09198081846556082	0.019355008042174077	0.20007584449665816	269	4689	0.027384709355594013	0.24509290950840626	Misma hebra 1	-188.5	FALSE	−9,00
Rep 1	Misma hebra	-183	-0.0662910564147383	-0.12485338898414414	-0.007521469677869984	0.027111607129886858	254	4689	0.025857680952865725	0.04920254627275763	Misma hebra 1	-178.5	TRUE	−9,00
Rep 1	Misma hebra	-173	-0.08819958597131042	-0.14974582158068947	-0.0275239357183138	0.004427034721383211	232	4689	0.023618039295530895	0.012051372297098741	Misma hebra 1	-168.5	TRUE	−9,00
Rep 1	Misma hebra	-163	-0.07669307555016532	-0.13789432305440574	-0.01551723908729978	0.014173484641346925	221	4689	0.022498218466863482	0.03307146416314283	Misma hebra 1	-158.5	TRUE	−9,00
Rep 1	Misma hebra	-153	-0.06492636524046383	-0.1253170657496863	-0.0047874985975784965	0.03394944760261318	206	4689	0.020971190064135194	0.057362859742346416	Misma hebra 1	-148.5	FALSE	−9,00
Rep 1	Misma hebra	-143	-0.03535225795268233	-0.0958803600969068	0.025125426567592424	0.25011057151947513	228	4689	0.02321083172147002	0.2989126342549825	Misma hebra 1	-138.5	FALSE	−9,00
Rep 1	Misma hebra	-133	-0.11283482692131606	-0.18012494446186375	-0.045748214785665244	0.0010648099235733306	192	4689	0.01954596355492212	0.004743244205008472	Misma hebra 1	-128.5	TRUE	−9,00
Rep 1	Misma hebra	-123	-0.11780667740890431	-0.18354667479612927	-0.052642689893550657	4.28786210984259e-4	184	4689	0.018731548406800365	0.0030015034768898128	Misma hebra 1	-118.5	TRUE	−9,00
Rep 1	Misma hebra	-113	-0.1104235467834833	-0.17728926017460095	-0.04344402897062554	0.0012625456961013022	178	4689	0.01812073704570905	0.0050797354702692065	Misma hebra 1	-108.5	TRUE	−9,00
Rep 1	Misma hebra	-103	-0.06535484708931492	-0.12878306575276435	-0.0015388016568231176	0.04481111722813423	194	4689	0.01974956734195256	0.07319149147261925	Misma hebra 1	-98.5	FALSE	−9,00
Rep 1	Misma hebra	-93	-0.08705115477440667	-0.152411453773123	-0.02184969544064541	0.008823597159072143	175	4689	0.017815331365163393	0.02275559267339658	Misma hebra 1	-88.5	TRUE	−9,00
Rep 1	Misma hebra	-83	-0.11920075906577018	-0.18832615380368944	-0.05070685556322299	6.936921435504679e-4	172	4689	0.017509925684617733	0.003399091503397293	Misma hebra 1	-78.5	TRUE	−9,00
Rep 1	Misma hebra	-73	-0.07687256051591168	-0.15293318694662064	1.2170609594625795e-5	0.05008711925031885	158	4689	0.016084699175404664	0.07669590135205073	Misma hebra 1	-68.5	FALSE	−9,00
Rep 1	Misma hebra	-63	-0.06894877085145139	-0.1501725363955284	0.012550145268880378	0.09676010313009428	129	4689	0.0131324442634633	0.13170125148262835	Misma hebra 1	-58.5	FALSE	−9,00
Rep 1	Misma hebra	-53	-0.0940311035958971	-0.17576667756578207	-0.011055067254679782	0.026338875069698904	122	4689	0.012419831008856765	0.04920254627275763	Misma hebra 1	-48.5	TRUE	−9,00
Rep 1	Misma hebra	-43	-0.11326879202762166	-0.20947548479432332	-0.017061830650539407	0.021083532526482398	94	4689	0.009569377990430622	0.0449170910346799	Misma hebra 1	-38.5	TRUE	−9,00
Rep 1	Misma hebra	-33	0.19588660687780093	0.1520781391417872	0.2409054559442537	3.1882339614112327e-19	886	4689	0.09019647765448437	1.562234641091504e-17	Misma hebra 1	-28.5	TRUE	−9,00
Rep 1	Misma hebra	-23	-0.11204882428945404	-0.20531309101146222	-0.01775843371445509	0.02008516125777758	86	4689	0.008754962842308867	0.04473513189232279	Misma hebra 1	-18.5	TRUE	−9,00
Rep 1	Misma hebra	-13	-0.06556608714151875	-0.15530831385871569	0.025540007000657654	0.15559002312539802	95	4689	0.009671179883945842	0.19548490084985903	Misma hebra 1	-8.5	FALSE	−9,00
Rep 1	Misma hebra	-3	-0.027976387618158745	-0.14456857339719334	0.0950931987197264	0.6421712067582607	75	4689	0.0076351420136414536	0.6421712067582607	Misma hebra 1	1.5	FALSE	−9,00
Rep 1	Hebra opuesta	-233	-0.05209265377456708	-0.16446015064556407	0.06422470288368272	0.3672437989753573	71	4689	0.007227934439580576	0.4184871197626165	Hebra opuesta 1	-228.5	FALSE	−9,00
Rep 1	Hebra opuesta	-223	-0.09383186468864678	-0.1469653903924924	-0.0409301412624962	5.42193454845985e-4	268	4689	0.027282907462078794	0.0033209349109316584	Hebra opuesta 1	-218.5	TRUE	−9,00
Rep 1	Hebra opuesta	-213	-0.021549272362524848	-0.07294825904250414	0.029606954888518368	0.4069609865816225	316	4689	0.03216939835080933	0.4434858017784525	Hebra opuesta 1	-208.5	FALSE	−9,00
Rep 1	Hebra opuesta	-203	-0.07443640143324007	-0.12433212092128419	-0.025086207468423567	0.0032007738433868934	318	4689	0.032373002137839765	0.009802369895372361	Hebra opuesta 1	-198.5	TRUE	−9,00
Rep 1	Hebra opuesta	-193	-0.07603884091264615	-0.12737322643874274	-0.024772480131747647	0.003603101858839533	293	4689	0.02982795479995928	0.010385411240184536	Hebra opuesta 1	-188.5	TRUE	−9,00
Rep 1	Hebra opuesta	-183	-0.08743117536428707	-0.14177917644272423	-0.03393638916538942	0.0013476849206836671	248	4689	0.025246869591774405	0.0050797354702692065	Hebra opuesta 1	-178.5	TRUE	−9,00
Rep 1	Hebra opuesta	-173	-0.09582442906235103	-0.151467797694106	-0.041111103185966974	6.104125386728725e-4	257	4689	0.02616308663341138	0.0033233571549967506	Hebra opuesta 1	-168.5	TRUE	−9,00
Rep 1	Hebra opuesta	-163	-0.10509201450827589	-0.16212316739650143	-0.04871928489171946	2.593888664581091e-4	241	4689	0.02453425633716787	0.002404845597561566	Hebra opuesta 1	-158.5	TRUE	−9,00
Rep 1	Hebra opuesta	-153	-0.05222310053771005	-0.10816123769017066	0.0031937659109530017	0.06508362536051905	246	4689	0.025043265804743968	0.09379698949015981	Hebra opuesta 1	-148.5	FALSE	−9,00
Rep 1	Hebra opuesta	-143	-0.04507668484585355	-0.10157959814382125	0.011319591873119686	0.11658715471411764	238	4689	0.024228850656622215	0.15142742466196457	Hebra opuesta 1	-138.5	FALSE	−9,00
Rep 1	Hebra opuesta	-133	-0.11557932958186641	-0.17368286584728737	-0.05768808721744528	1.0795610254814732e-4	217	4689	0.022091010892802607	0.0013224622562148047	Hebra opuesta 1	-128.5	TRUE	−9,00
Rep 1	Hebra opuesta	-123	-0.060052994946527674	-0.12550498046231268	0.005289300932473251	0.07212643883084352	197	4689	0.02005497302249822	0.10097701436318092	Hebra opuesta 1	-118.5	FALSE	−9,00
Rep 1	Hebra opuesta	-113	-0.1087051977516816	-0.16705527292635183	-0.05048281550881197	2.9447088949733464e-4	209	4689	0.02127659574468085	0.002404845597561566	Hebra opuesta 1	-108.5	TRUE	−9,00
Rep 1	Hebra opuesta	-103	-0.0852805953495296	-0.14225031101164679	-0.029058363809186222	0.003121815157379584	238	4689	0.024228850656622215	0.009802369895372361	Hebra opuesta 1	-98.5	TRUE	−9,00
Rep 1	Hebra opuesta	-93	-0.08114253718485376	-0.14294328467627362	-0.019904171017793692	0.009292350682907652	203	4689	0.020665784383589535	0.02276625917312375	Hebra opuesta 1	-88.5	TRUE	−9,00
Rep 1	Hebra opuesta	-83	-0.13115142223083015	-0.1956860066483303	-0.06676812634039389	6.734909882192658e-5	181	4689	0.01842614272625471	0.001100035280758134	Hebra opuesta 1	-78.5	TRUE	−9,00
Rep 1	Hebra opuesta	-73	-0.1025356890368288	-0.16865230461996675	-0.03767353406767068	0.0019545519918274584	173	4689	0.017611727578132952	0.006840931971396104	Hebra opuesta 1	-68.5	TRUE	−9,00
Rep 1	Hebra opuesta	-63	-0.07641957994697371	-0.1425008796744807	-0.009128715469747981	0.02553533979421087	191	4689	0.019444161661406903	0.04920254627275763	Hebra opuesta 1	-58.5	TRUE	−9,00
Rep 1	Hebra opuesta	-53	-0.07981538865708207	-0.15916399878512263	-3.3164943330326317e-4	0.04867110167362219	126	4689	0.012827038582917642	0.07669590135205073	Hebra opuesta 1	-48.5	FALSE	−9,00
Rep 1	Hebra opuesta	-43	-0.08516989127471199	-0.16096060117310468	-0.010171765413871775	0.026106526591067773	131	4689	0.013336048050493739	0.04920254627275763	Hebra opuesta 1	-38.5	TRUE	−9,00
Rep 1	Hebra opuesta	-33	0.16182483764053496	0.11490623570436298	0.210262069186809	3.87036432381843e-12	736	4689	0.07492619362720146	9.482392593355153e-11	Hebra opuesta 1	-28.5	TRUE	−9,00
Rep 1	Hebra opuesta	-23	-0.035758332947680854	-0.13270435361283642	0.06262636953922363	0.4705988051426749	86	4689	0.008754962842308867	0.5012900315650233	Hebra opuesta 1	-18.5	FALSE	−9,00
Rep 1	Hebra opuesta	-13	-0.045849766725604243	-0.12900501995497718	0.037527909171204445	0.2751133910572891	129	4689	0.0131324442634633	0.32096562290017067	Hebra opuesta 1	-8.5	FALSE	−9,00
Rep 1	Hebra opuesta	-3	0.030248804580029553	-0.041292316930166224	0.10327324639716252	0.4072828791842931	183	4689	0.018629746513285146	0.4434858017784525	Hebra opuesta 1	1.5	FALSE	−9,00
Rep 1	Hebra opuesta	7	-0.0994944485063385	-0.20042700592014429	0.0010467672505767682	0.05281627428013446	72	4689	0.007329736333095796	0.07842416484019965	Hebra opuesta 1	11.5	FALSE	−9,00
Rep 2	Misma hebra	-233	0.0038010148815201678	-0.05958365332268051	0.06854400477216255	0.8677179601828042	383	5464	0.03298028071988289	0.8857954176866126	Misma hebra 1	-228.5	FALSE	−9,00
Rep 2	Misma hebra	-223	-0.07527094029587897	-0.14249125544034483	-0.009414933594480292	0.020246372729896718	360	5464	0.030999741668819428	0.049603613188246964	Misma hebra 1	-218.5	TRUE	−9,00
Rep 2	Misma hebra	-213	-0.030978310606961976	-0.10283603857519787	0.035110034214870786	0.35008106024662405	307	5464	0.02643589081202101	0.3989295802810367	Misma hebra 1	-208.5	FALSE	−9,00
Rep 2	Misma hebra	-203	-0.02637136554626714	-0.09608714878977763	0.03916095206853378	0.4189772561146465	347	5464	0.029880306553000946	0.46658830794585626	Misma hebra 1	-198.5	FALSE	−9,00
Rep 2	Misma hebra	-193	-0.029067837042734416	-0.09703999251600993	0.03265970184164751	0.34736235143794164	347	5464	0.029880306553000946	0.3989295802810367	Misma hebra 1	-188.5	FALSE	−9,00
Rep 2	Misma hebra	-183	-0.05443453249573947	-0.12581254159459537	0.009153567712445547	0.10542959282186544	309	5464	0.02660811159907001	0.17087383384378604	Misma hebra 1	-178.5	FALSE	−9,00
Rep 2	Misma hebra	-173	-0.08585056187861204	-0.1574265726804979	-0.014954736581129106	0.012902918193411803	299	5464	0.025747007663825025	0.040358984338080904	Misma hebra 1	-168.5	TRUE	−9,00
Rep 2	Misma hebra	-163	-0.12385849657078785	-0.19619603469558147	-0.04938215735505385	7.262335599902852e-4	281	5464	0.024197020580384053	0.005930907406587329	Misma hebra 1	-158.5	TRUE	−9,00
Rep 2	Misma hebra	-153	-0.11219457549595833	-0.18741756689995903	-0.03929345250589109	0.002228474807529802	252	5464	0.0216998191681736	0.009926842324450935	Misma hebra 1	-148.5	TRUE	−9,00
Rep 2	Misma hebra	-143	-0.08191064620093091	-0.15632287694327873	-0.007804486892651415	0.025265216065728926	274	5464	0.023594247825712563	0.04987581390730033	Misma hebra 1	-138.5	TRUE	−9,00
Rep 2	Misma hebra	-133	-0.05497498585776026	-0.13445647266013122	0.016173099948724894	0.13710446373023907	245	5464	0.02109704641350211	0.20357935523580953	Misma hebra 1	-128.5	FALSE	−9,00
Rep 2	Misma hebra	-123	-0.13435083889107519	-0.21245406288989405	-0.05726426882786783	4.92414983962841e-4	220	5464	0.01894428657538965	0.004825666842835843	Misma hebra 1	-118.5	TRUE	−9,00
Rep 2	Misma hebra	-113	-0.05305349743067064	-0.13837013757038855	0.020164900305366024	0.17059231508228676	235	5464	0.020235942478257125	0.2321950955286681	Misma hebra 1	-108.5	FALSE	−9,00
Rep 2	Misma hebra	-103	-0.054058996918482816	-0.1327154982690811	0.01798183693328201	0.15268397339413814	243	5464	0.020924825626453113	0.2137575627517934	Misma hebra 1	-98.5	FALSE	−9,00
Rep 2	Misma hebra	-93	-0.06561426676840942	-0.14879405551315997	0.011618362337009408	0.10810385406443607	228	5464	0.019633169723585638	0.17087383384378604	Misma hebra 1	-88.5	FALSE	−9,00
Rep 2	Misma hebra	-83	-0.09329789898720703	-0.1771741348826577	-0.010989057483215393	0.021469562599051376	214	5464	0.01842762421424266	0.04987581390730033	Misma hebra 1	-78.5	TRUE	−9,00
Rep 2	Misma hebra	-73	-0.049949945163653975	-0.14041019485815895	0.03433098422185022	0.24924077949395856	193	5464	0.016619305950228192	0.29787312671229194	Misma hebra 1	-68.5	FALSE	−9,00
Rep 2	Misma hebra	-63	-0.11866627532953138	-0.2143189344337173	-0.0218168051877559	0.013566466977041445	161	5464	0.013863773357444244	0.040358984338080904	Misma hebra 1	-58.5	TRUE	−9,00
Rep 2	Misma hebra	-53	-0.10813084851165507	-0.20382248321849172	-0.01009179236640628	0.026464717583465483	153	5464	0.013174890209248256	0.04987581390730033	Misma hebra 1	-48.5	TRUE	−9,00
Rep 2	Misma hebra	-43	-0.06316171946653562	-0.1702072049038986	0.0421862554385627	0.23617071958987843	123	5464	0.010591578403513303	0.2967273143565139	Misma hebra 1	-38.5	FALSE	−9,00
Rep 2	Misma hebra	-33	0.17325409225749425	0.12081648250465726	0.22715369520235015	1.7850431200464066e-11	1061	5464	0.09136312752949281	8.746711288227393e-10	Misma hebra 1	-28.5	TRUE	−9,00
Rep 2	Misma hebra	-23	-0.1002222097965839	-0.21891109500322484	0.006194271597441795	0.07487228435972008	105	5464	0.009041591320072333	0.1265083425388374	Misma hebra 1	-18.5	FALSE	−9,00
Rep 2	Misma hebra	-13	-0.061523504515066156	-0.17370421993985188	0.04134735365690992	0.24833680310871115	119	5464	0.010247136829415311	0.29787312671229194	Misma hebra 1	-8.5	FALSE	−9,00
Rep 2	Misma hebra	-3	-0.030996893456830814	-0.16120544128027797	0.08936697509619919	0.5775180208059949	102	5464	0.008783260139498837	0.6288529559887499	Misma hebra 1	1.5	FALSE	−9,00
Rep 2	Hebra opuesta	-233	-0.031236138408515142	-0.1619930034539053	0.09093890110092825	0.6247233806466994	91	5464	0.007836045810729355	0.6654662098193103	Hebra opuesta 1	-228.5	FALSE	−9,00
Rep 2	Hebra opuesta	-223	-0.06525196317525106	-0.1303505696420423	-0.0027069433863853693	0.03762235047456191	361	5464	0.031085852062343926	0.06827759900939014	Hebra opuesta 1	-218.5	FALSE	−9,00
Rep 2	Hebra opuesta	-213	-0.07646441212432745	-0.13882573244666954	-0.014190572774774488	0.014002096607089294	374	5464	0.03220528717816241	0.040358984338080904	Hebra opuesta 1	-208.5	TRUE	−9,00
Rep 2	Hebra opuesta	-203	-0.044009897277955894	-0.10644274774615754	0.013124754251791597	0.14200323587999575	388	5464	0.03341083268750538	0.20465172229764092	Hebra opuesta 1	-198.5	FALSE	−9,00
Rep 2	Hebra opuesta	-193	-0.08447345929964414	-0.1495723841290364	-0.019214873197339218	0.008679009984665658	363	5464	0.03125807284939292	0.030376534946329803	Hebra opuesta 1	-188.5	TRUE	−9,00
Rep 2	Hebra opuesta	-183	-0.10430358682666367	-0.17298972894512996	-0.03716941648256736	0.0015057281909416635	317	5464	0.027296994747265994	0.00868664128584398	Hebra opuesta 1	-178.5	TRUE	−9,00
Rep 2	Hebra opuesta	-173	-0.07413167364680187	-0.1445297895752828	-0.0071583686075023575	0.0256240732369745	314	5464	0.0270386635666925	0.04987581390730033	Hebra opuesta 1	-168.5	TRUE	−9,00
Rep 2	Hebra opuesta	-163	-0.14148842808745155	-0.20927569215259997	-0.07383972104953813	2.604229787423348e-5	297	5464	0.025574786876776025	4.253575319458135e-4	Hebra opuesta 1	-158.5	TRUE	−9,00
Rep 2	Hebra opuesta	-153	-0.04058228161989442	-0.11200960598950015	0.02314108026160798	0.2108896693993579	305	5464	0.026263670024972013	0.2719366789623299	Hebra opuesta 1	-148.5	FALSE	−9,00
Rep 2	Hebra opuesta	-143	-0.08315648965445796	-0.1566626687623941	-0.010833626676133863	0.019855664256577917	288	5464	0.024799793335055543	0.049603613188246964	Hebra opuesta 1	-138.5	TRUE	−9,00
Rep 2	Hebra opuesta	-133	-0.12567818343804293	-0.19600384041369306	-0.055485769055632475	2.5026727416139626e-4	267	5464	0.022991475071041073	0.0030657741084771043	Hebra opuesta 1	-128.5	TRUE	−9,00
Rep 2	Hebra opuesta	-123	-0.10917174439729624	-0.18646927953685602	-0.033714555541139384	0.003557610979104342	245	5464	0.02109704641350211	0.013409456767393288	Hebra opuesta 1	-118.5	TRUE	−9,00
Rep 2	Hebra opuesta	-113	-0.11582391258273383	-0.18805259600181531	-0.045218511998357636	8.963798598940366e-4	269	5464	0.023163695858090073	0.006274659019258257	Hebra opuesta 1	-108.5	TRUE	−9,00
Rep 2	Hebra opuesta	-103	-0.10643148409126924	-0.1764416069737221	-0.037659219248496176	0.0017472399402486116	284	5464	0.024455351760957547	0.00868664128584398	Hebra opuesta 1	-98.5	TRUE	−9,00
Rep 2	Hebra opuesta	-93	-0.08051732716485488	-0.15516051043472906	-0.008124829648743798	0.02321833408044592	254	5464	0.021872039955222595	0.04987581390730033	Hebra opuesta 1	-88.5	TRUE	−9,00
Rep 2	Hebra opuesta	-83	-0.08837868711244311	-0.17063486752386625	-0.00845489092608813	0.0264134774034146	217	5464	0.018685955394816153	0.04987581390730033	Hebra opuesta 1	-78.5	TRUE	−9,00
Rep 2	Hebra opuesta	-73	-0.11725081824410555	-0.1968904523912134	-0.03683008039984885	0.0033171167174963936	231	5464	0.019891500904159132	0.013409456767393288	Hebra opuesta 1	-68.5	TRUE	−9,00
Rep 2	Hebra opuesta	-63	-0.12235101496775282	-0.20147767101813832	-0.043505221793962864	0.0017727839358865267	231	5464	0.019891500904159132	0.00868664128584398	Hebra opuesta 1	-58.5	TRUE	−9,00
Rep 2	Hebra opuesta	-53	-0.09123106683086556	-0.18395820683795913	-1.0065667770315503e-5	0.049141595705617366	165	5464	0.014208214931542238	0.08599779248483039	Hebra opuesta 1	-48.5	FALSE	−9,00
Rep 2	Hebra opuesta	-43	-0.10747229800061588	-0.19667541198392496	-0.018622408569805887	0.016335408118806617	168	5464	0.014466546112115732	0.04446861099008468	Hebra opuesta 1	-38.5	TRUE	−9,00
Rep 2	Hebra opuesta	-33	0.14772344121449688	0.09153649885355492	0.20544529899698177	7.896324954218202e-8	865	5464	0.07448549039869112	1.9345996137834596e-6	Hebra opuesta 1	-28.5	TRUE	−9,00
Rep 2	Hebra opuesta	-23	-0.08559427471487747	-0.20397158970711243	0.023751142471706413	0.12647330466703655	102	5464	0.008783260139498837	0.1936622477713997	Hebra opuesta 1	-18.5	FALSE	−9,00
Rep 2	Hebra opuesta	-13	-0.006779611377013143	-0.10646991981416092	0.09019890697582685	0.8551358674892653	155	5464	0.013347110996297254	0.8857954176866126	Hebra opuesta 1	-8.5	FALSE	−9,00
Rep 2	Hebra opuesta	-3	7.188151249442662e-4	-0.08339138794594826	0.09009350259203165	0.9577584047764334	216	5464	0.018599845001291655	0.9577584047764334	Hebra opuesta 1	1.5	FALSE	−9,00
Rep 2	Hebra opuesta	7	-0.07886048475358633	-0.20334007953846997	0.03685627511323865	0.1928432373384584	90	5464	0.007749935417204857	0.25538698998876924	Hebra opuesta 1	11.5	FALSE	−9,00
Rep 1	Misma hebra	-233	-0.027606898444254964	-0.09843232480865566	0.0433248742829701	0.44618642680477766	176	6047	0.01791713325867861	0.5205508312722407	Misma hebra 1	-228.5	FALSE	−8,17 (EPD)
Rep 1	Misma hebra	-223	0.009906328990158001	-0.06462554167797561	0.08521002169270982	0.7976843681141434	150	6047	0.015270284027282907	0.8685896452798451	Misma hebra 1	-218.5	FALSE	−8,17 (EPD)
Rep 1	Misma hebra	-213	-0.00827000671961461	-0.0814695661006229	0.06491851417536924	0.8197354936918169	159	6047	0.016186501068919883	0.8731965041499788	Misma hebra 1	-208.5	FALSE	−8,17 (EPD)
Rep 1	Misma hebra	-203	-0.05158457342658012	-0.12293791322925667	0.019748243458815876	0.1576314283699268	174	6047	0.017713529471648174	0.2574646663375471	Misma hebra 1	-198.5	FALSE	−8,17 (EPD)
Rep 1	Misma hebra	-193	-0.03429189140683014	-0.10242836210741037	0.03392078598119383	0.3250183336540415	173	6047	0.017611727578132952	0.41910258813284296	Misma hebra 1	-188.5	FALSE	−8,17 (EPD)
Rep 1	Misma hebra	-183	-0.058425894036325116	-0.13406100578222613	0.018284945748927597	0.1337136127463447	158	6047	0.016084699175404664	0.23161590791264006	Misma hebra 1	-178.5	FALSE	−8,17 (EPD)
Rep 1	Misma hebra	-173	-0.05791817307585993	-0.13462520978992584	0.018536667599777054	0.13707880264217473	137	6047	0.013946859411585055	0.23161590791264006	Misma hebra 1	-168.5	FALSE	−8,17 (EPD)
Rep 1	Misma hebra	-163	-0.0756305447323014	-0.15670747167803317	0.004082225590524768	0.06303243840138063	120	6047	0.012216227221826326	0.14707568960322148	Misma hebra 1	-158.5	FALSE	−8,17 (EPD)
Rep 1	Misma hebra	-153	-0.04888219580963405	-0.12760479138344247	0.03008980820091137	0.220078938807302	130	6047	0.01323424615697852	0.3267838788350848	Misma hebra 1	-148.5	FALSE	−8,17 (EPD)
Rep 1	Misma hebra	-143	-0.007797528711811108	-0.08558002148725061	0.07162562942559118	0.8445774911172549	141	6047	0.014354066985645933	0.8805169588243722	Misma hebra 1	-138.5	FALSE	−8,17 (EPD)
Rep 1	Misma hebra	-133	-0.0684432227263524	-0.15475579356031544	0.01796430766778515	0.1193065344214714	117	6047	0.011910821541280668	0.23158168796053324	Misma hebra 1	-128.5	FALSE	−8,17 (EPD)
Rep 1	Misma hebra	-123	-0.1478875846735072	-0.2295074993886728	-0.06708069720686569	3.3638824747731015e-4	114	6047	0.01160541586073501	0.004120756031597049	Misma hebra 1	-118.5	TRUE	−8,17 (EPD)
Rep 1	Misma hebra	-113	-0.11353264457720062	-0.20138086920377996	-0.02456777178159805	0.012479122661874875	106	6047	0.010791000712613255	0.043676929316562065	Misma hebra 1	-108.5	TRUE	−8,17 (EPD)
Rep 1	Misma hebra	-103	-0.0648766438028192	-0.14671614353449067	0.0172818483918891	0.12288007932599723	120	6047	0.012216227221826326	0.23158168796053324	Misma hebra 1	-98.5	FALSE	−8,17 (EPD)
Rep 1	Misma hebra	-93	-0.11009105524594105	-0.19351412527260092	-0.026751218205763615	0.009330836574520222	101	6047	0.010281991245037158	0.03517007631934545	Misma hebra 1	-88.5	TRUE	−8,17 (EPD)
Rep 1	Misma hebra	-83	-0.07176224995433689	-0.16174212114191527	0.01831647652906483	0.11757306521994282	101	6047	0.010281991245037158	0.23158168796053324	Misma hebra 1	-78.5	FALSE	−8,17 (EPD)
Rep 1	Misma hebra	-73	-0.057541440521171064	-0.15159685237960244	0.03814286416096221	0.23562933516680754	106	6047	0.010791000712613255	0.32988106923353055	Misma hebra 1	-68.5	FALSE	−8,17 (EPD)
Rep 1	Misma hebra	-63	-3.219136923345639e-4	-0.12142439715249435	0.12776062283653197	0.9945711776823607	68	6047	0.006922528759034918	0.9945711776823607	Misma hebra 1	-58.5	FALSE	−8,17 (EPD)
Rep 1	Misma hebra	-53	-0.1989555240687696	-0.30437046917689903	-0.09847407106211882	1.2406694859887264e-4	64	6047	0.0065153211849740406	0.0020264268271149195	Misma hebra 1	-48.5	TRUE	−8,17 (EPD)
Rep 1	Misma hebra	-43	-0.1864743638406685	-0.3094985375401913	-0.06239079286879014	0.0036379057078571595	54	6047	0.005497302249821846	0.016205216335000074	Misma hebra 1	-38.5	TRUE	−8,17 (EPD)
Rep 1	Misma hebra	-33	0.2307216652303927	0.1825242456751252	0.2805885989797467	3.6316842038771975e-22	738	6047	0.07512979741423191	1.779525259899827e-20	Misma hebra 1	-28.5	TRUE	−8,17 (EPD)
Rep 1	Misma hebra	-23	-0.14358995513818792	-0.26833687197029527	-0.02448209192478235	0.01786668994588337	41	6047	0.004173877634123995	0.051498106314605004	Misma hebra 1	-18.5	FALSE	−8,17 (EPD)
Rep 1	Misma hebra	-13	-0.06261151475701969	-0.18188877942921466	0.058274686198393315	0.2995466914285604	51	6047	0.005191896569276188	0.39669696972971513	Misma hebra 1	-8.5	FALSE	−8,17 (EPD)
Rep 1	Misma hebra	-3	-0.11818373919363352	-0.2592466642960825	0.028828301724663035	0.11159365928678561	42	6047	0.004275679527639214	0.23158168796053324	Misma hebra 1	1.5	FALSE	−8,17 (EPD)
Rep 1	Hebra opuesta	-233	-0.004861520241313727	-0.13555742701925858	0.13156905443587238	0.9406763446318099	46	6047	0.004682887101700091	0.9602737684783059	Hebra opuesta 1	-228.5	FALSE	−8,17 (EPD)
Rep 1	Hebra opuesta	-223	-0.11730593566487625	-0.18514452057627173	-0.05017135919232961	6.381628327731204e-4	154	6047	0.015677491601343786	0.00625399576117658	Hebra opuesta 1	-218.5	TRUE	−8,17 (EPD)
Rep 1	Hebra opuesta	-213	0.02346485444018978	-0.04434814732208155	0.09145164422309192	0.497266368541134	175	6047	0.017815331365163393	0.5537739104208083	Hebra opuesta 1	-208.5	FALSE	−8,17 (EPD)
Rep 1	Hebra opuesta	-203	-0.06651215606868506	-0.1280680839491569	-0.005553162241955146	0.0323979861119735	196	6047	0.019953171128983	0.0881945177492612	Hebra opuesta 1	-198.5	FALSE	−8,17 (EPD)
Rep 1	Hebra opuesta	-193	-0.04857290331508496	-0.11211248756797737	0.01520143613117587	0.13514843032334034	179	6047	0.01822253893922427	0.23161590791264006	Hebra opuesta 1	-188.5	FALSE	−8,17 (EPD)
Rep 1	Hebra opuesta	-183	-0.08322553469946195	-0.15319561053570097	-0.014792982291947619	0.016902895880723905	146	6047	0.01486307645322203	0.051498106314605004	Hebra opuesta 1	-178.5	FALSE	−8,17 (EPD)
Rep 1	Hebra opuesta	-173	-0.0776308792321752	-0.1531018799043639	-0.002833129546568184	0.04196731039859471	152	6047	0.015473887814313346	0.1082314847121653	Hebra opuesta 1	-168.5	FALSE	−8,17 (EPD)
Rep 1	Hebra opuesta	-163	-0.11424550978527352	-0.18793430025855676	-0.04141159886740889	0.0021554521289873204	148	6047	0.015066680240252468	0.01056171543203787	Hebra opuesta 1	-158.5	TRUE	−8,17 (EPD)
Rep 1	Hebra opuesta	-153	-0.03255448783972151	-0.10708888592213195	0.041505893154890124	0.3899355359142092	138	6047	0.014048661305100275	0.4776710314949063	Hebra opuesta 1	-148.5	FALSE	−8,17 (EPD)
Rep 1	Hebra opuesta	-143	-0.026354700219870558	-0.10186333678081196	0.049612296782833576	0.486163274101384	135	6047	0.013743255624554617	0.5537739104208083	Hebra opuesta 1	-138.5	FALSE	−8,17 (EPD)
Rep 1	Hebra opuesta	-133	-0.11880267879136756	-0.19398718726621236	-0.04471844819978507	0.0017238191016645079	122	6047	0.012419831008856765	0.01056171543203787	Hebra opuesta 1	-128.5	TRUE	−8,17 (EPD)
Rep 1	Hebra opuesta	-123	-0.0514666181830314	-0.13421613940619984	0.030000891177542004	0.21659535245477118	121	6047	0.012318029115341545	0.3267838788350848	Hebra opuesta 1	-118.5	FALSE	−8,17 (EPD)
Rep 1	Hebra opuesta	-113	-0.11295271213555676	-0.18502620638753364	-0.0414276585540012	0.00208876198053027	134	6047	0.013641453731039397	0.01056171543203787	Hebra opuesta 1	-108.5	TRUE	−8,17 (EPD)
Rep 1	Hebra opuesta	-103	-0.0400216859811495	-0.11026869635264393	0.03078712601466903	0.2674185441996118	150	6047	0.015270284027282907	0.3639863518272494	Hebra opuesta 1	-98.5	FALSE	−8,17 (EPD)
Rep 1	Hebra opuesta	-93	-0.033854427150100876	-0.1145755243758011	0.04646386593233159	0.4062900480060934	120	6047	0.012216227221826326	0.48556615493411165	Hebra opuesta 1	-88.5	FALSE	−8,17 (EPD)
Rep 1	Hebra opuesta	-83	-0.12975785641801654	-0.20967723762242113	-0.05044744471065513	0.0014285751079149418	117	6047	0.011910821541280668	0.01056171543203787	Hebra opuesta 1	-78.5	TRUE	−8,17 (EPD)
Rep 1	Hebra opuesta	-73	-0.12974585250169732	-0.21087768766695683	-0.048453270327759645	0.0019805567706077136	116	6047	0.011809019647765448	0.01056171543203787	Hebra opuesta 1	-68.5	TRUE	−8,17 (EPD)
Rep 1	Hebra opuesta	-63	-0.0728465839327638	-0.1559361420223194	0.010858173548889714	0.08771521625175922	116	6047	0.011809019647765448	0.1953657089243728	Hebra opuesta 1	-58.5	FALSE	−8,17 (EPD)
Rep 1	Hebra opuesta	-53	-0.12407147544907192	-0.22309775388893077	-0.02572475992285891	0.013531469126245027	72	6047	0.007329736333095796	0.04420279914573375	Hebra opuesta 1	-48.5	TRUE	−8,17 (EPD)
Rep 1	Hebra opuesta	-43	-0.11867022954459402	-0.20925631982509668	-0.03079458250180211	0.008185199376789534	82	6047	0.00834775526824799	0.03342289745522393	Hebra opuesta 1	-38.5	TRUE	−8,17 (EPD)
Rep 1	Hebra opuesta	-33	0.1994852567086695	0.14350278135918648	0.257661740370621	5.006442955529848e-13	535	6047	0.05446401303064237	1.2265785241048127e-11	Hebra opuesta 1	-28.5	TRUE	−8,17 (EPD)
Rep 1	Hebra opuesta	-23	-0.1144483310821018	-0.23331468540107916	0.0012181019064905132	0.05266774446526665	48	6047	0.00488649088873053	0.1290359739399033	Hebra opuesta 1	-18.5	FALSE	−8,17 (EPD)
Rep 1	Hebra opuesta	-13	-0.06467465323402334	-0.17256112582563857	0.04135221936459156	0.22836909321416518	71	6047	0.007227934439580576	0.3291201637498263	Hebra opuesta 1	-8.5	FALSE	−8,17 (EPD)
Rep 1	Hebra opuesta	-3	0.046269154990192615	-0.049968974994134954	0.14451856458004203	0.34236593953167227	100	6047	0.010180189351521938	0.4301520778731267	Hebra opuesta 1	1.5	FALSE	−8,17 (EPD)
Rep 1	Hebra opuesta	7	-0.08616801937533998	-0.22013094124792532	0.046849304560325246	0.20209485199797209	45	6047	0.0045810852081848725	0.31944024993227843	Hebra opuesta 1	11.5	FALSE	−8,17 (EPD)
Rep 2	Misma hebra	-233	-0.006644781843595818	-0.09065606626401496	0.07169417315474122	0.8470289781025833	226	7043	0.01946094893653664	0.864675415146387	Misma hebra 1	-228.5	FALSE	−8,17 (EPD)
Rep 2	Misma hebra	-223	-0.05757845551404817	-0.14469348422513315	0.022843881763268525	0.16782567176469548	210	7043	0.018083182640144666	0.28668078656402246	Misma hebra 1	-218.5	FALSE	−8,17 (EPD)
Rep 2	Misma hebra	-213	0.01435137331639134	-0.07102199133338206	0.10106703990950835	0.7164312425063954	194	7043	0.01670541634375269	0.7982526540575552	Misma hebra 1	-208.5	FALSE	−8,17 (EPD)
Rep 2	Misma hebra	-203	-0.029884289162118462	-0.11665527165059877	0.05321839122005435	0.4582584680946701	210	7043	0.018083182640144666	0.5757606394009958	Misma hebra 1	-198.5	FALSE	−8,17 (EPD)
Rep 2	Misma hebra	-193	-0.011050563988027874	-0.09474173737551554	0.06903405989870803	0.7642335067831836	211	7043	0.018169293033669164	0.7982526540575552	Misma hebra 1	-188.5	FALSE	−8,17 (EPD)
Rep 2	Misma hebra	-183	-0.042418164493069774	-0.1304407523519844	0.03931964701578467	0.30645422330460526	195	7043	0.01679152673727719	0.40584478221420694	Misma hebra 1	-178.5	FALSE	−8,17 (EPD)
Rep 2	Misma hebra	-173	-0.08266029143430811	-0.1714112808943654	-6.22260410916594e-5	0.049540241929659425	185	7043	0.015930422802032204	0.14279246203254775	Misma hebra 1	-168.5	FALSE	−8,17 (EPD)
Rep 2	Misma hebra	-163	-0.10499987740882326	-0.2021854996540513	-0.006514008911119259	0.03062494207879602	155	7043	0.013347110996297254	0.10867401619806721	Misma hebra 1	-158.5	FALSE	−8,17 (EPD)
Rep 2	Misma hebra	-153	-0.06594811230966412	-0.16036548403794113	0.022957720903049667	0.15052209882375212	154	7043	0.013261000602772756	0.28668078656402246	Misma hebra 1	-148.5	FALSE	−8,17 (EPD)
Rep 2	Misma hebra	-143	-0.06402203605368631	-0.15649696749331668	0.024774285861101863	0.16396514510233245	163	7043	0.01403599414449324	0.28668078656402246	Misma hebra 1	-138.5	FALSE	−8,17 (EPD)
Rep 2	Misma hebra	-133	-0.055694773354915406	-0.1540238691767823	0.032997595594231606	0.2203022332635721	154	7043	0.013261000602772756	0.33733779468484476	Misma hebra 1	-128.5	FALSE	−8,17 (EPD)
Rep 2	Misma hebra	-123	-0.12224284893344017	-0.21971207015904382	-0.02804654638189067	0.009206861232900612	137	7043	0.011797123912856282	0.05012624449023667	Misma hebra 1	-118.5	FALSE	−8,17 (EPD)
Rep 2	Misma hebra	-113	-0.06379196481877492	-0.17253818503954987	0.03453919390124413	0.2120236338270183	135	7043	0.011624903125807285	0.33513413088786764	Misma hebra 1	-108.5	FALSE	−8,17 (EPD)
Rep 2	Misma hebra	-103	-0.06674677488584968	-0.16531058881065133	0.024730912699928505	0.1638313757859469	157	7043	0.01351933178334625	0.28668078656402246	Misma hebra 1	-98.5	FALSE	−8,17 (EPD)
Rep 2	Misma hebra	-93	-0.10984973974263143	-0.21213896475029165	-0.00531305954363245	0.035485393044266844	132	7043	0.01136657194523379	0.10867401619806721	Misma hebra 1	-88.5	FALSE	−8,17 (EPD)
Rep 2	Misma hebra	-83	-0.01632417365814055	-0.13058510628903564	0.09399802033870105	0.7414370455709736	122	7043	0.010505468009988805	0.7982526540575552	Misma hebra 1	-78.5	FALSE	−8,17 (EPD)
Rep 2	Misma hebra	-73	-0.05412704289871379	-0.16361739839935802	0.04994040854666768	0.30588417167822546	131	7043	0.011280461551709291	0.40584478221420694	Misma hebra 1	-68.5	FALSE	−8,17 (EPD)
Rep 2	Misma hebra	-63	-0.07189153689981408	-0.2028099830031297	0.05439788183613185	0.2704431781800166	87	7043	0.007491604236631361	0.3786204494520232	Misma hebra 1	-58.5	FALSE	−8,17 (EPD)
Rep 2	Misma hebra	-53	-0.1782086938153286	-0.3027552598073771	-0.05284511986500893	0.005144915309813456	81	7043	0.006974941875484371	0.04201680836347656	Misma hebra 1	-48.5	TRUE	−8,17 (EPD)
Rep 2	Misma hebra	-43	-0.11439160983424804	-0.2563279075818611	0.02095308349092226	0.10427111736479931	72	7043	0.006199948333763886	0.21288686461979858	Misma hebra 1	-38.5	FALSE	−8,17 (EPD)
Rep 2	Misma hebra	-33	0.20390163972463635	0.14548704887752525	0.2628936012574749	4.3474801085908026e-13	878	7043	0.0756049255145096	2.1302652532094934e-11	Misma hebra 1	-28.5	TRUE	−8,17 (EPD)
Rep 2	Misma hebra	-23	-0.22647381715444267	-0.38438375406204	-0.06973698949611054	0.0038603836992640245	53	7043	0.004563850856798416	0.04201680836347656	Misma hebra 1	-18.5	TRUE	−8,17 (EPD)
Rep 2	Misma hebra	-13	-0.10438893335506874	-0.26242831549707507	0.04214253830636677	0.1696682206195235	57	7043	0.0049082924308964096	0.28668078656402246	Misma hebra 1	-8.5	FALSE	−8,17 (EPD)
Rep 2	Misma hebra	-3	-3.7846041574093425e-4	-0.166555462271774	0.17255076951038215	0.9791659657929777	61	7043	0.005252734004994403	0.9791659657929777	Misma hebra 1	1.5	FALSE	−8,17 (EPD)
Rep 2	Hebra opuesta	-233	-0.02397547871080514	-0.19038726566582698	0.13390419481724766	0.7613752123270763	57	7043	0.0049082924308964096	0.7982526540575552	Hebra opuesta 1	-228.5	FALSE	−8,17 (EPD)
Rep 2	Hebra opuesta	-223	-0.08590075463526392	-0.16745689761705002	-0.0068683550806779	0.029905871791382533	208	7043	0.01791096185309567	0.10867401619806721	Hebra opuesta 1	-218.5	FALSE	−8,17 (EPD)
Rep 2	Hebra opuesta	-213	-0.01189630625597055	-0.09449385330800557	0.0652700891677202	0.7464553889825256	217	7043	0.018685955394816153	0.7982526540575552	Hebra opuesta 1	-208.5	FALSE	−8,17 (EPD)
Rep 2	Hebra opuesta	-203	-0.02134818617771419	-0.09924581609545755	0.05175729904606451	0.539761744982732	239	7043	0.02058038405235512	0.6612081376038468	Hebra opuesta 1	-198.5	FALSE	−8,17 (EPD)
Rep 2	Hebra opuesta	-193	-0.06965171287585199	-0.15028160397383467	0.0043647716189829525	0.0725552876186646	223	7043	0.019202617755963144	0.1777604546657283	Hebra opuesta 1	-188.5	FALSE	−8,17 (EPD)
Rep 2	Hebra opuesta	-183	-0.10638198315372048	-0.19494774396482517	-0.019622142687569635	0.01132693763274082	182	7043	0.01567209162145871	0.05550199440043002	Hebra opuesta 1	-178.5	FALSE	−8,17 (EPD)
Rep 2	Hebra opuesta	-173	-0.07274024293398253	-0.1621090326730107	0.00739920813126874	0.08522695014224425	193	7043	0.016619305950228192	0.18912897048882366	Hebra opuesta 1	-168.5	FALSE	−8,17 (EPD)
Rep 2	Hebra opuesta	-163	-0.12379042547991026	-0.21140577715791883	-0.03762373612644116	0.003651013830301491	179	7043	0.015413760440885214	0.04201680836347656	Hebra opuesta 1	-158.5	TRUE	−8,17 (EPD)
Rep 2	Hebra opuesta	-153	-0.056574024774876636	-0.14457386069835657	0.028960588852244132	0.19560990733129918	172	7043	0.014810987686213726	0.31949618197445534	Hebra opuesta 1	-148.5	FALSE	−8,17 (EPD)
Rep 2	Hebra opuesta	-143	-0.04977642211725702	-0.14327019825627155	0.03752340794738232	0.2634113173628822	168	7043	0.014466546112115732	0.3786204494520232	Hebra opuesta 1	-138.5	FALSE	−8,17 (EPD)
Rep 2	Hebra opuesta	-133	-0.123698712142827	-0.21781121888925276	-0.030380597379323866	0.00730057385059442	150	7043	0.012916559028674762	0.05012624449023667	Hebra opuesta 1	-128.5	FALSE	−8,17 (EPD)
Rep 2	Hebra opuesta	-123	-0.07986726864509089	-0.17494816812878047	0.009092214708306599	0.08877482288250906	154	7043	0.013261000602772756	0.18912897048882366	Hebra opuesta 1	-118.5	FALSE	−8,17 (EPD)
Rep 2	Hebra opuesta	-113	-0.11003026414497478	-0.19921657531730932	-0.0246514280073278	0.008673804142452154	172	7043	0.014810987686213726	0.05012624449023667	Hebra opuesta 1	-108.5	FALSE	−8,17 (EPD)
Rep 2	Hebra opuesta	-103	-0.03806582140414594	-0.12789046867179743	0.04778980443649317	0.38063257436275305	177	7043	0.015241539653836218	0.4908156879940763	Hebra opuesta 1	-98.5	FALSE	−8,17 (EPD)
Rep 2	Hebra opuesta	-93	-0.0515387808701789	-0.14932396100801587	0.03523579547372213	0.24778536700919773	156	7043	0.013433221389821752	0.367923726771233	Hebra opuesta 1	-88.5	FALSE	−8,17 (EPD)
Rep 2	Hebra opuesta	-83	-0.10454106287429271	-0.20430446507202743	-0.00799573657514039	0.031312080424108	136	7043	0.011711013519331783	0.10867401619806721	Hebra opuesta 1	-78.5	FALSE	−8,17 (EPD)
Rep 2	Hebra opuesta	-73	-0.10396607367295717	-0.20228471905359716	-0.005875005596275641	0.03348158511954783	160	7043	0.013777662963919746	0.10867401619806721	Hebra opuesta 1	-68.5	FALSE	−8,17 (EPD)
Rep 2	Hebra opuesta	-63	-0.1391881952452491	-0.24071680346272825	-0.04085053512528286	0.004612336543879454	139	7043	0.01196934469990528	0.04201680836347656	Hebra opuesta 1	-58.5	TRUE	−8,17 (EPD)
Rep 2	Hebra opuesta	-53	-0.1323879454366039	-0.25268119046547893	-0.014014536685146618	0.026106446112823808	91	7043	0.007836045810729355	0.10867401619806721	Hebra opuesta 1	-48.5	FALSE	−8,17 (EPD)
Rep 2	Hebra opuesta	-43	-0.096917395635636	-0.20701669875448303	0.006652158049390112	0.07024152241246082	108	7043	0.009299922500645827	0.1777604546657283	Hebra opuesta 1	-38.5	FALSE	−8,17 (EPD)
Rep 2	Hebra opuesta	-33	0.20178198717255036	0.13348780383142725	0.2710270761684837	1.288666077704614e-9	629	7043	0.0541634375269095	3.157231890376305e-8	Hebra opuesta 1	-28.5	TRUE	−8,17 (EPD)
Rep 2	Hebra opuesta	-23	-0.14070074173483293	-0.3020720217018491	0.005621989357403321	0.0652723437146341	55	7043	0.004736071643847413	0.17768582455650395	Hebra opuesta 1	-18.5	FALSE	−8,17 (EPD)
Rep 2	Hebra opuesta	-13	-0.015586964788985828	-0.1511383072788051	0.10716755138331743	0.7656709130756141	89	7043	0.007663825023680358	0.7982526540575552	Hebra opuesta 1	-8.5	FALSE	−8,17 (EPD)
Rep 2	Hebra opuesta	-3	-0.025982762771741868	-0.14432307199442168	0.08893960108461116	0.6369866982547829	115	7043	0.009902695255317317	0.7612767857191308	Hebra opuesta 1	1.5	FALSE	−8,17 (EPD)
Rep 2	Hebra opuesta	7	-0.13486597115486346	-0.29227066346672725	0.014315371022899058	0.07685384541509944	51	7043	0.004391630069749419	0.1793256393018987	Hebra opuesta 1	11.5	FALSE	−8,17 (EPD)
Rep 1	Misma hebra	-233	-0.00894522964606043	-0.10934442424995407	0.09167657799473077	0.8586787257283718	80	7478	0.00814415148121755	0.896343979581509	Misma hebra 1	-228.5	FALSE	−7,00
Rep 1	Misma hebra	-223	-0.010095790397056385	-0.14060521664416367	0.12231890552529012	0.8768582408949546	58	7478	0.005904509823882724	0.896343979581509	Misma hebra 1	-218.5	FALSE	−7,00
Rep 1	Misma hebra	-213	0.008590727034604001	-0.09939516254952545	0.11597566371172394	0.8727707591404361	70	7478	0.007126132546065356	0.896343979581509	Misma hebra 1	-208.5	FALSE	−7,00
Rep 1	Misma hebra	-203	-0.03039041304712577	-0.14593731530050091	0.08641842355033524	0.6115205355773825	62	7478	0.006311717397943601	0.7813873510155442	Misma hebra 1	-198.5	FALSE	−7,00
Rep 1	Misma hebra	-193	-0.06682530052814527	-0.16930344771650005	0.03301910330144585	0.19015213973824321	78	7478	0.007940547694187111	0.38030427947648643	Misma hebra 1	-188.5	FALSE	−7,00
Rep 1	Misma hebra	-183	-0.09245261481470515	-0.1985778582924754	0.016559913372103212	0.09484377563706066	69	7478	0.007024330652550138	0.2679933111325391	Misma hebra 1	-178.5	FALSE	−7,00
Rep 1	Misma hebra	-173	-0.08759136980166643	-0.20355666685510407	0.0222570269294272	0.11908750301601559	57	7478	0.005802707930367505	0.2739012569368358	Misma hebra 1	-168.5	FALSE	−7,00
Rep 1	Misma hebra	-163	-0.07718971377235234	-0.20462858719337063	0.045152655506554985	0.2152499353313793	57	7478	0.005802707930367505	0.3960930174783823	Misma hebra 1	-158.5	FALSE	−7,00
Rep 1	Misma hebra	-153	-0.02408792709147842	-0.1441565447371742	0.09424330667881517	0.6819056206089424	53	7478	0.0053955003563066276	0.8254646986318777	Misma hebra 1	-148.5	FALSE	−7,00
Rep 1	Misma hebra	-143	0.06924707869832734	-0.05709311410496875	0.2025048239521998	0.2861995501893524	58	7478	0.005904509823882724	0.4841322521018352	Misma hebra 1	-138.5	FALSE	−7,00
Rep 1	Misma hebra	-133	-0.1252895120067549	-0.24954679386274534	-3.1794957574766275e-4	0.049426861204306734	58	7478	0.005904509823882724	0.20852461057609425	Misma hebra 1	-128.5	FALSE	−7,00
Rep 1	Misma hebra	-123	-0.18439116212541226	-0.30331587426807555	-0.06907211850054287	0.0018067547602110194	54	7478	0.005497302249821846	0.021314822672122303	Misma hebra 1	-118.5	TRUE	−7,00
Rep 1	Misma hebra	-113	-0.13198759514599576	-0.2719331844442009	0.005092263068999509	0.058930868206287505	49	7478	0.00498829278224575	0.20852461057609425	Misma hebra 1	-108.5	FALSE	−7,00
Rep 1	Misma hebra	-103	-0.009337894708310772	-0.11820652566810591	0.09738753578330828	0.8623044730340861	62	7478	0.006311717397943601	0.896343979581509	Misma hebra 1	-98.5	FALSE	−7,00
Rep 1	Misma hebra	-93	-0.06482157132876808	-0.18551639651870996	0.05897328456787238	0.2946891969315519	49	7478	0.00498829278224575	0.4841322521018352	Misma hebra 1	-88.5	FALSE	−7,00
Rep 1	Misma hebra	-83	-0.09794534528098976	-0.2391289306498159	0.040766466495075294	0.16304982555209244	43	7478	0.004377481421154433	0.34092236251801145	Misma hebra 1	-78.5	FALSE	−7,00
Rep 1	Misma hebra	-73	-0.10380685403679359	-0.24414896335361003	0.04078929853620845	0.15412835132280314	48	7478	0.00488649088873053	0.3376144838499498	Misma hebra 1	-68.5	FALSE	−7,00
Rep 1	Misma hebra	-63	0.228087500538479	-0.001525373279007387	0.507094892635556	0.051963179164438586	31	7478	0.0031558586989718007	0.20852461057609425	Misma hebra 1	-58.5	FALSE	−7,00
Rep 1	Misma hebra	-53	-0.10197372015040158	-0.2686973192602795	0.0645992045024869	0.21772922720816695	30	7478	0.0030540568054565815	0.3960930174783823	Misma hebra 1	-48.5	FALSE	−7,00
Rep 1	Misma hebra	-43	-0.0827579615232737	-0.26896988584996673	0.09744049678380509	0.3692288689889451	26	7478	0.002646849231395704	0.5829674214087363	Misma hebra 1	-38.5	FALSE	−7,00
Rep 1	Misma hebra	-33	0.2751120688945675	0.21991389410649612	0.3333138116482123	2.2093120929592297e-24	569	7478	0.05792527741015983	1.0162835627612457e-22	Misma hebra 1	-28.5	TRUE	−7,00
Rep 1	Misma hebra	-13	-0.06278873004346114	-0.24160341654397335	0.11461226767765315	0.4765722725601728	22	7478	0.0022396416573348264	0.6447742511108221	Misma hebra 2	-8.5	FALSE	−7,00
Rep 1	Hebra opuesta	-233	-0.049793054137155755	-0.21296063814395932	0.12668235561263166	0.5509822887944191	28	7478	0.0028504530184261427	0.7241481509869508	Hebra opuesta 1	-228.5	FALSE	−7,00
Rep 1	Hebra opuesta	-223	-0.10447562313084692	-0.20856798333708532	-0.0016846539292779527	0.04628874607108428	72	7478	0.007329736333095796	0.20852461057609425	Hebra opuesta 1	-218.5	FALSE	−7,00
Rep 1	Hebra opuesta	-213	0.04319441240654582	-0.05529634408737661	0.14154649388732213	0.38973823961006254	83	7478	0.008449557161763209	0.5829674214087363	Hebra opuesta 1	-208.5	FALSE	−7,00
Rep 1	Hebra opuesta	-203	-0.039446500822353736	-0.1343144241131483	0.05435919912183055	0.4131920808665664	96	7478	0.00977298177746106	0.5829674214087363	Hebra opuesta 1	-198.5	FALSE	−7,00
Rep 1	Hebra opuesta	-193	0.02004365849691286	-0.0835794207396984	0.12067665378405401	0.7003839191761767	74	7478	0.007533340120126234	0.8260938533872854	Hebra opuesta 1	-188.5	FALSE	−7,00
Rep 1	Hebra opuesta	-183	-0.1121726183612839	-0.21401004152715827	-0.013847841782444963	0.02521377751412848	74	7478	0.007533340120126234	0.14497922070623875	Hebra opuesta 1	-178.5	FALSE	−7,00
Rep 1	Hebra opuesta	-173	-0.007336820807529638	-0.12355996151419733	0.10666805303860176	0.9032230754509154	69	7478	0.007024330652550138	0.9032230754509154	Hebra opuesta 1	-168.5	FALSE	−7,00
Rep 1	Hebra opuesta	-163	-0.12855979669313605	-0.23904626410391483	-0.021642595098236628	0.01884504963161109	69	7478	0.007024330652550138	0.12383889757915859	Hebra opuesta 1	-158.5	FALSE	−7,00
Rep 1	Hebra opuesta	-153	0.02226061349050889	-0.08560311995696865	0.12860454620197567	0.6750711871966575	69	7478	0.007024330652550138	0.8254646986318777	Hebra opuesta 1	-148.5	FALSE	−7,00
Rep 1	Hebra opuesta	-143	0.019145576784550488	-0.09661012072577913	0.1357143440727709	0.7469370146576209	63	7478	0.006413519291458821	0.8589775668562639	Hebra opuesta 1	-138.5	FALSE	−7,00
Rep 1	Hebra opuesta	-133	-0.14895521430470907	-0.25812775840313856	-0.04315254109259597	0.006021205459633351	58	7478	0.005904509823882724	0.05539509022862683	Hebra opuesta 1	-128.5	FALSE	−7,00
Rep 1	Hebra opuesta	-123	-0.10068811815361232	-0.22405170470485317	0.019274212165286738	0.09896435837079452	58	7478	0.005904509823882724	0.2679933111325391	Hebra opuesta 1	-118.5	FALSE	−7,00
Rep 1	Hebra opuesta	-113	-0.16241268685066218	-0.26664636079136284	-0.06128516688052158	0.0018534628410541132	61	7478	0.006209915504428383	0.021314822672122303	Hebra opuesta 1	-108.5	TRUE	−7,00
Rep 1	Hebra opuesta	-103	-0.04494345625212019	-0.15475223330900173	0.06262067220871156	0.40838809152623873	67	7478	0.0068207268655196985	0.5829674214087363	Hebra opuesta 1	-98.5	FALSE	−7,00
Rep 1	Hebra opuesta	-93	-0.0478960104428784	-0.1642825418859233	0.06883450294203407	0.41821575883670203	56	7478	0.0057009060368522855	0.5829674214087363	Hebra opuesta 1	-88.5	FALSE	−7,00
Rep 1	Hebra opuesta	-83	-0.1447100671612576	-0.2552355735875884	-0.03643332323790122	0.00918066648352476	69	7478	0.007024330652550138	0.07038510970702316	Hebra opuesta 1	-78.5	FALSE	−7,00
Rep 1	Hebra opuesta	-73	-0.08857084377456118	-0.1974935118181297	0.020637847046874942	0.11069288938083137	60	7478	0.006108113610913163	0.2679933111325391	Hebra opuesta 1	-68.5	FALSE	−7,00
Rep 1	Hebra opuesta	-63	-0.10695842371618187	-0.2222230530242502	0.0066262133432513455	0.0655251373453311	59	7478	0.006006311717397943	0.21529687984894502	Hebra opuesta 1	-58.5	FALSE	−7,00
Rep 1	Hebra opuesta	-53	-0.12770786802467055	-0.285311795825488	0.026020990029240847	0.10256975306189721	32	7478	0.0032576605924870203	0.2679933111325391	Hebra opuesta 1	-48.5	FALSE	−7,00
Rep 1	Hebra opuesta	-43	-0.13417249814560295	-0.2750466325027205	0.0033344974883304577	0.05578417587241346	37	7478	0.003766670060063117	0.20852461057609425	Hebra opuesta 1	-38.5	FALSE	−7,00
Rep 1	Hebra opuesta	-33	0.23474549788120633	0.16729913203954003	0.30468037605374876	1.9058572044839814e-12	346	7478	0.035223455156265904	4.3834715703131574e-11	Hebra opuesta 1	-28.5	TRUE	−7,00
Rep 1	Hebra opuesta	-23	-0.15614584527796732	-0.3521497695242711	0.03426208696580138	0.10494395063481207	20	7478	0.0020360378703043877	0.2679933111325391	Hebra opuesta 1	-18.5	FALSE	−7,00
Rep 1	Hebra opuesta	-13	-0.09124534835507925	-0.24356721118563834	0.055808301763735656	0.22387866205299872	36	7478	0.003664868166547898	0.3960930174783823	Hebra opuesta 1	-8.5	FALSE	−7,00
Rep 1	Hebra opuesta	-3	-0.015186154027653314	-0.17387961397733134	0.15162725427415133	0.8512565485825265	37	7478	0.003766670060063117	0.896343979581509	Hebra opuesta 1	1.5	FALSE	−7,00
Rep 2	Misma hebra	-233	0.019116325836237857	-0.09812058444690297	0.1388390959680983	0.7218792678650234	106	8757	0.009127701713596831	0.9233696812238734	Misma hebra 1	-228.5	FALSE	−7,00
Rep 2	Misma hebra	-223	-0.0038248499447714026	-0.13868913067691696	0.13126852211994017	0.9381032652771686	82	8757	0.007061052269008869	0.9930729394320755	Misma hebra 1	-218.5	FALSE	−7,00
Rep 2	Misma hebra	-213	0.039123694839070876	-0.09138309889171323	0.16733828519953284	0.5364350022983444	80	8757	0.006888831481959873	0.8225336701907948	Misma hebra 1	-208.5	FALSE	−7,00
Rep 2	Misma hebra	-203	-0.04758945078443842	-0.1866080405229697	0.08681301027877857	0.4711868953087913	79	8757	0.006802721088435374	0.7473999029036	Misma hebra 1	-198.5	FALSE	−7,00
Rep 2	Misma hebra	-193	-0.028798250800463478	-0.1442009037910778	0.08036761237884371	0.6053030281239227	103	8757	0.008869370533023335	0.8981915901193691	Misma hebra 1	-188.5	FALSE	−7,00
Rep 2	Misma hebra	-183	-0.11733220213449702	-0.24410797195014128	0.004062899710754796	0.06595333143024606	86	8757	0.007405493843106863	0.2756259084784125	Misma hebra 1	-178.5	FALSE	−7,00
Rep 2	Misma hebra	-173	-0.16853377509537176	-0.29976207039279457	-0.040572409496841925	0.006459283720202772	83	8757	0.007147162662533368	0.08584083382588349	Misma hebra 1	-168.5	FALSE	−7,00
Rep 2	Misma hebra	-163	-0.1346697772358039	-0.2730541104524112	3.6901804862091083e-6	0.05110835636696937	70	8757	0.006027727546714889	0.26122048809784343	Misma hebra 1	-158.5	FALSE	−7,00
Rep 2	Misma hebra	-153	-0.1508136114908974	-0.2877019245673276	-0.022848394857085265	0.020237283886268373	67	8757	0.005769396366141394	0.1551525097947242	Misma hebra 1	-148.5	FALSE	−7,00
Rep 2	Misma hebra	-143	-0.0019054639035609566	-0.1509708590940557	0.1422889384185037	0.965494847404268	69	8757	0.00594161715319039	0.9930729394320755	Misma hebra 1	-138.5	FALSE	−7,00
Rep 2	Misma hebra	-133	-0.1081858472199548	-0.23604967418182313	0.014775716209525743	0.08921316159030658	80	8757	0.006888831481959873	0.2756259084784125	Misma hebra 1	-128.5	FALSE	−7,00
Rep 2	Misma hebra	-123	-0.09138460888813735	-0.22658697978288694	0.03223670386994389	0.14600032006696995	67	8757	0.005769396366141394	0.41975092019253857	Misma hebra 1	-118.5	FALSE	−7,00
Rep 2	Misma hebra	-113	-0.10696190537124976	-0.27401569812334264	0.041177166175428874	0.17078931191988633	56	8757	0.004822182037371911	0.43646157490637616	Misma hebra 1	-108.5	FALSE	−7,00
Rep 2	Misma hebra	-103	-0.016582330773607244	-0.1692643126375416	0.12200454121197384	0.7817668578791992	78	8757	0.006716610694910876	0.94634935427482	Misma hebra 1	-98.5	FALSE	−7,00
Rep 2	Misma hebra	-93	-0.007612913585980363	-0.17746223239972345	0.15826376109793336	0.893381345516057	66	8757	0.005683285972616895	0.9930729394320755	Misma hebra 1	-88.5	FALSE	−7,00
Rep 2	Misma hebra	-83	-0.1127792583446521	-0.2717623452226618	0.043894066473164364	0.16056471561873262	55	8757	0.004736071643847413	0.4344692304977471	Misma hebra 1	-78.5	FALSE	−7,00
Rep 2	Misma hebra	-73	-0.01342614377546152	-0.17856427596608354	0.1402273343115642	0.8452004475594803	56	8757	0.004822182037371911	0.977163240767658	Misma hebra 1	-68.5	FALSE	−7,00
Rep 2	Misma hebra	-63	-0.04303967529561368	-0.23039144145664786	0.15082426177590508	0.639798746221633	43	8757	0.0037027469215534315	0.9197106976935975	Misma hebra 1	-58.5	FALSE	−7,00
Rep 2	Misma hebra	-53	-0.09907155555204068	-0.2873047081931235	0.09724696145239084	0.30762387309131706	42	8757	0.003616636528028933	0.6121066165397695	Misma hebra 1	-48.5	FALSE	−7,00
Rep 2	Misma hebra	-43	-0.10329626943142844	-0.30248648603886197	0.09494902084845061	0.3070417567358204	36	8757	0.003099974166881943	0.6121066165397695	Misma hebra 1	-38.5	FALSE	−7,00
Rep 2	Misma hebra	-33	0.2549635521156229	0.18966181058202208	0.3249477200190123	1.624023196329735e-15	673	8757	0.057952294841987426	7.470506703116781e-14	Misma hebra 1	-28.5	TRUE	−7,00
Rep 2	Misma hebra	-13	-0.11437014283889702	-0.34808902325689395	0.13119945034684583	0.3459733050007393	26	8757	0.0022388702316369588	0.6121066165397695	Misma hebra 2	-8.5	FALSE	−7,00
Rep 2	Hebra opuesta	-233	-0.03574050630619774	-0.2567448295166725	0.17405553370306467	0.736434126923924	30	8757	0.0025833118057349523	0.9233696812238734	Hebra opuesta 1	-228.5	FALSE	−7,00
Rep 2	Hebra opuesta	-223	-0.0646715732470157	-0.18411014869695735	0.04910745278917	0.2589752187712009	95	8757	0.008180487384827349	0.5772819195673206	Hebra opuesta 1	-218.5	FALSE	−7,00
Rep 2	Hebra opuesta	-213	0.017458381299466558	-0.10008076017797947	0.14473753810939932	0.7427103957670287	102	8757	0.008783260139498837	0.9233696812238734	Hebra opuesta 1	-208.5	FALSE	−7,00
Rep 2	Hebra opuesta	-203	-0.0017487890600453248	-0.11185570675029634	0.10744317763831042	0.9425572645869121	117	8757	0.010074916042366313	0.9930729394320755	Hebra opuesta 1	-198.5	FALSE	−7,00
Rep 2	Hebra opuesta	-193	2.5167267870003968e-5	-0.11978101076063039	0.12219076761390738	0.9936420980068594	97	8757	0.008352708171876345	0.9936420980068594	Hebra opuesta 1	-188.5	FALSE	−7,00
Rep 2	Hebra opuesta	-183	-0.10280718783758834	-0.22799638276502499	0.009252923798283548	0.07853951815331599	89	8757	0.007663825023680358	0.2756259084784125	Hebra opuesta 1	-178.5	FALSE	−7,00
Rep 2	Hebra opuesta	-173	-0.06001285434154375	-0.195400037153157	0.06359982069765475	0.33308548386712494	93	8757	0.008008266597778351	0.6121066165397695	Hebra opuesta 1	-168.5	FALSE	−7,00
Rep 2	Hebra opuesta	-163	-0.13241021611486656	-0.2645597910312627	-0.002405264983601132	0.04044852054226269	80	8757	0.006888831481959873	0.26122048809784343	Hebra opuesta 1	-158.5	FALSE	−7,00
Rep 2	Hebra opuesta	-153	-0.024802451893492127	-0.1565506496054585	0.10622337607659964	0.6805268254507255	83	8757	0.007147162662533368	0.9233696812238734	Hebra opuesta 1	-148.5	FALSE	−7,00
Rep 2	Hebra opuesta	-143	0.010698545024457305	-0.12298005823703481	0.14921893349170193	0.8497071658849201	73	8757	0.006286058727288384	0.977163240767658	Hebra opuesta 1	-138.5	FALSE	−7,00
Rep 2	Hebra opuesta	-133	-0.11085756357048357	-0.2459717672022188	0.014906458735966788	0.08945261231949292	71	8757	0.006113837940239387	0.2756259084784125	Hebra opuesta 1	-128.5	FALSE	−7,00
Rep 2	Hebra opuesta	-123	-0.07552920722179768	-0.2170993302604874	0.055269639157787376	0.2635417458894289	71	8757	0.006113837940239387	0.5772819195673206	Hebra opuesta 1	-118.5	FALSE	−7,00
Rep 2	Hebra opuesta	-113	-0.15660228130869094	-0.2845703996381517	-0.037908311562739085	0.007464420332685521	81	8757	0.006974941875484371	0.08584083382588349	Hebra opuesta 1	-108.5	FALSE	−7,00
Rep 2	Hebra opuesta	-103	-0.05824322753481632	-0.18878708513208736	0.06889377176418955	0.36359729380007677	80	8757	0.006888831481959873	0.6194620561038345	Hebra opuesta 1	-98.5	FALSE	−7,00
Rep 2	Hebra opuesta	-93	-0.05617068020428453	-0.19695597340327026	0.07711708450889183	0.407911835152958	75	8757	0.006458279514337381	0.6701408720370023	Hebra opuesta 1	-88.5	FALSE	−7,00
Rep 2	Hebra opuesta	-83	-0.12524392719519853	-0.2561081344366218	-7.763540921306679e-4	0.04742863076479904	75	8757	0.006458279514337381	0.26122048809784343	Hebra opuesta 1	-78.5	FALSE	−7,00
Rep 2	Hebra opuesta	-73	-0.0904519403162981	-0.228329874039106	0.04079198091663598	0.18306200583924542	77	8757	0.006630500301386378	0.44320275097922573	Hebra opuesta 1	-68.5	FALSE	−7,00
Rep 2	Hebra opuesta	-63	-0.11616195466654422	-0.26164420241048714	0.017641620750201755	0.08987801363426494	65	8757	0.005597175579092397	0.2756259084784125	Hebra opuesta 1	-58.5	FALSE	−7,00
Rep 2	Hebra opuesta	-53	-0.19898292375616067	-0.36612077208172433	-0.03546454839915409	0.015993305630824767	46	8757	0.0039610781021269265	0.14713841180358783	Hebra opuesta 1	-48.5	FALSE	−7,00
Rep 2	Hebra opuesta	-43	-0.07354090206941372	-0.22741500582088003	0.07599987042337143	0.33010158002929907	53	8757	0.004563850856798416	0.6121066165397695	Hebra opuesta 1	-38.5	FALSE	−7,00
Rep 2	Hebra opuesta	-33	0.21238884255337753	0.13011755136221986	0.2974469046413164	1.939571810635315e-7	398	8757	0.03427193662275037	4.461015164461224e-6	Hebra opuesta 1	-28.5	TRUE	−7,00
Rep 2	Hebra opuesta	-23	-0.20457341640625118	-0.4395979824829509	0.012948697616018892	0.06961299588897976	25	8757	0.0021527598381124603	0.2756259084784125	Hebra opuesta 1	-18.5	FALSE	−7,00
Rep 2	Hebra opuesta	-13	0.002071804030106042	-0.1878478432900659	0.18006193420631392	0.9714843972705087	41	8757	0.0035305261345044345	0.9930729394320755	Hebra opuesta 1	-8.5	FALSE	−7,00
Rep 2	Hebra opuesta	-3	-0.03060444221445631	-0.21356009358003883	0.15948761391976007	0.7165989911932513	46	8757	0.0039610781021269265	0.9233696812238734	Hebra opuesta 1	1.5	FALSE	−7,00
