feature	phi
Alta accesibilidad de cromatina (DNase-seq)	0.15502294570563843
Alta actividad en HEK293	0.12612907693651526
CCAAT	0.09759161867012206
Baja especificidad tisular	0.07535322941007969
Alta conservación (-150 a -235)	0.057415225758896314
GC-box	0.05502077805378166
Islas CpG	0.050018914239183775
Alta conservación (16 a -50pb)	0.049628492288890436
Alta conservación (-50 a -150)	0.026937820815822675
TATA-box	0.02652368014781679
CA en TSS	0.022182855087054167
TSS fuerte	0.013324861779065049
Promotores anchos	0.013135183851947518
TA en TSS	0.01189536412992433
CG en TSS	0.011409591803612595
LINE	0.0031117514270788075
Retrotransposón	0.0020964823646359093
Repeticiones de baja complejidad	0.0020538695726940786
TG en TSS	-8.733884380127167e-4
Insertado en humanos	-0.004657302891899073
Enhancers a 50kb	-0.005629696124740145
Sin módulo cis-regulatorio	-0.006870007725471365
Alto contenido G+C	-0.011623467200622482
TCT	-0.011677340445521068
SINE	-0.016632963645611294
Elementos transponibles	-0.019322130928206806
Promotores angostos	-0.025641712705323557
LTR	-0.026381470449976612
Sin actividad en ratón	-0.04029666884959147
TSS no canónico	-0.048755901520650256
No detectado (FANTOM5)	-0.058749416644433956
Alta especificidad tisular	-0.08149086608798298
