slug,tipo,numero_actual,seccion_tesis,seccion_paper,estado,fuente_o_script,notas
pipeline_experimental,esquema,Fig. M1,Métodos - Descripción general,-,listo,,"Diagrama general del pipeline experimental. Hecho a mano (PowerPoint/Illustrator/BioRender) no por código. Archivo en figures/M1_pipeline_experimental/ (pipeline_experimental.png extraído de docs/Fig MyM.pptx slide 1; pipeline_experimental_es.png es una versión en español)."
vector_construccion,mixto,Fig. M2,Métodos exp. - Construcción de plásmidos,Fig S1 (?),listo,,"Panel A: esquema del plásmido backbone (esquema, manual, mapa 'Plasmido Backbone' 8637bp). Panel B: microscopía de fluorescencia HEK293T-A2, versión original y con sitio de splicing 3' mutado (foto). Archivos en figures/vector_construccion/ (panel A extraído de docs/Fig MyM.pptx slide 2). Verificar a qué figura del paper corresponde. Resync 2026-07-23: el panel C (PCR de incorporación de la library) ahora es una figura propia, ver control_pcr_incorporacion_library (M3) - el pptx pasó de 12 a 15 slides y lo separó en su propio slide."
control_pcr_incorporacion_library,foto,Fig. M3,Métodos exp. - Construcción de plásmidos,-,listo,,"PCR de punto final para visualizar la correcta incorporación de la librería (~300pb) en el plásmido backbone y la ausencia del original promotor CMV (~700pb). Gel de electroforesis, foto directa. Hasta el resync 2026-07-23 era el panel C de vector_construccion (M2); en docs/Fig MyM.pptx (slide 3, deck de 15) ahora tiene su propio slide y le corresponde M3 (desplazó a analisis_potencia y todo lo posterior +1). RESUELTO 2026-07-30: la imagen del gel había quedado en figures/M2_vector_construccion/panel_c_pcr_cloning_control.png desde antes del split - movida a figures/M3_control_pcr_incorporacion_library/pcr_incorporacion_library.png."
analisis_potencia,codigo,Fig. M4,Métodos exp. - Cultivo y transfección,-,falta hacer,R/02_potencia/analisis_potencia.R,"Marcado como 'Potencia(hacer)' en la tesis, todavía placeholder sin contenido en docs/Fig MyM.pptx (slide 4, deck de 15: '# potencia'). Falta generar. Resync 2026-07-23: pasó de M3 a M4 porque el panel C de vector_construccion se separó en su propia figura (M3)."
gating_facs,codigo,Fig. M5,Métodos exp. - Citometría y sorting,-,listo,R/03_gating_facs/gating_facs.R,"Estrategia de gating por fluorescencia EGFP. Panel A: umbral inferior (densidad Library vs. control no transfectado). Panel B: discretización en 6 gates + fracción sin clasificar - coincide visualmente con docs/Fig MyM.pptx (slide 5, deck de 15; el texto del slide todavía dice 'Figura M4', desactualizado tras el resync). Procesa los .fcs crudos de data/raw/Citometry_18-09-2023/ (excluye 'library 1 sort.fcs', 264MB, no necesario para estos paneles - no está copiado, no hace falta). Los límites de gate (breaks) son constantes calibradas en el software del sorter, no derivadas de los datos. Resync 2026-07-23: pasó de M4 a M5 (ver analisis_potencia)."
validacion_rtqpcr_egfp,codigo,Fig. M6,Métodos exp. - Co-extracción ADN/ARN y RT-qPCR,-,listo,R/04_rtqpcr_egfp/rtqpcr_egfp.R,"RT-qPCR de ARNm de EGFP por gate y réplica, relativizado al gate 1. Usado para excluir bin 0 y réplica 3. Requiere data/raw/qPCR_Gates.xlsx (independiente del resto del pipeline). Ojo: los nombres de réplica rep_1/2/3 del archivo fuente no coinciden con el orden final (quedan como 'Rep 3'/'Rep 1'/'Rep 2' resp.) - reasignación intencional heredada de transcriptional_library/Tesis/tesis.R. Resync 2026-07-23: pasó de M5 a M6 (ver analisis_potencia)."
control_pcr_loxp,foto,Fig. M7,Métodos exp. - Co-extracción ADN/ARN,-,listo,,"PCR de punto final sobre sitios LoxP, gel de electroforesis. Foto directa, no generado por script. Archivo en figures/control_pcr_loxp/ (copiado de transcriptional_library/Tesis/MyM/PCR_loxP_gates_ctl.png; el autor actualizó esta imagen a mano el 2026-07-23). Resync 2026-07-23: pasó de M6 a M7 (ver analisis_potencia)."
pipeline_bioinformatico,esquema,Fig. M8,Métodos bioinf. - Procesamiento de secuenciación,-,listo,,"Diagrama del pipeline de preprocesamiento. Hecho a mano. Confirmado en docs/Fig MyM.pptx (slide 8, deck de 15): 'plan B: un pipeline con todo' es una nota interna sobre esta misma figura, no una figura aparte. Archivo (png + svg editable) en figures/pipeline_bioinformatico/, copiado de transcriptional_library/Tesis/MyM/. Resync 2026-07-23: pasó de M7 a M8 (ver analisis_potencia)."
correccion_sesgo_muestreo,codigo,Fig. M9,Métodos bioinf. - Procesamiento de secuenciación,-,listo,R/05_correccion_sesgo/correccion_sesgo.R,"Panel A: factores de corrección por esfuerzo de muestreo. Panel B: scatter media-varianza y exclusión de bimodales (post-filtro de consistencia entre réplicas). Requiere data/processed/activity_stats_consistent.tsv (ver R/01_activity_stats/build_activity_stats.R, engine compartido con R1/R2/R4/R5/R6). Resync 2026-07-23: pasó de M8 a M9 (ver analisis_potencia)."
diseno_library_tss,mixto,Fig. M10,Métodos bioinf. - Caracterización de la library,-,revisar,R/07_diseno_library_tss/diseno_library_tss.R,"Confirmado contra docs/Fig MyM.pptx (slide 10, deck de 15). Paneles B y C listos. Panel A: esquema de estructura de secuencias con adaptadores 16/24/100/152/235pb - dibujado con formas nativas de PowerPoint, no es imagen ni código; PENDIENTE exportar a mano desde el pptx y guardar en figures/M10_diseno_library_tss/panel_a_esquema_adaptadores.png. Panel B: cantidad de secuencias por tipo (promotor=20851, enhancer=2910, cancer related=45 en nuestros datos vs 147 hardcodeado en mym_seq_features.qmd - revisar esa diferencia; el slide dice enhancer n=3000, otro dato más a reconciliar). Panel C: heatmap de uso de TSS por CAGE de cultivos primarios (FANTOM5), recortado a -50/+15pb - coincide visualmente con el slide. Resync 2026-07-23: pasó de M9 a M10 (ver analisis_potencia)."
composicion_secuencia_library,codigo,Fig. M11,Métodos bioinf. - Caracterización de la library,-,revisar,R/06_composicion_library/composicion_library.R,"Confirmado contra docs/Fig MyM.pptx (slide 11, deck de 15, coincide texto a texto). Paneles A/B/C/D listos: A) motivos EPD, B) islas CpG, C) densidad de contenido G+C, D) patrones de motivo en TSS. Requiere data/processed/prom_df.tsv (ver R/00_prom_features/build_prom_features.R). Panel B actualizado 2026-10-08: islas CpG definidas por la composición del fragmento de 252 pb (CGI_frag: G+C >= 50% y CpG o/e > 0.6, criterios UCSC cpgIslandExt), ya no por solapamiento con la anotación genómica UCSC (CGI). Nuevo conteo: 13886/20851 (66.6%) vs 13227 (63.4%) con la anotación - reemplaza la discrepancia pendiente 13227 vs 13372 del slide. Falta actualizar el panel B en docs/Fig MyM.pptx (slide 11). Resync 2026-07-23: pasó de M10 a M11 (ver analisis_potencia)."
conservacion_evolucion_library,codigo,Fig. M12,Métodos bioinf. - Caracterización de la library,-,revisar,R/08_conservacion_evolucion/conservacion_evolucion.R,"Panel A: PhyloP score del metapromotor. Panel B: clasificación evolutiva Young et al 2015. Requiere data/processed/prom_df.tsv y data/processed/phylo100_1pb_lib.tsv (ver R/00_prom_features/build_prom_features.R). Pendiente: agrandar texto de M12A (ver docs/tesis.md 'To do'). Resync 2026-07-23: pasó de M11 a M12 (ver analisis_potencia)."
shape_especificidad_tisular,codigo,Fig. M13,Métodos bioinf. - Caracterización de la library,-,listo,R/18_shape_especificidad_tisular/shape_especificidad_tisular.R,"Placeholder en docs/Fig MyM.pptx (slide 13, deck de 15: '# shape y tissue specific'), sin contenido/imagen todavía en el pptx - construido desde cero para llenarlo. Panel A: densidad del ancho interquantile del promotor (shape, CAGEr), terciles en ~20pb y ~42pb. Panel B: densidad de especificidad tisular (índice de Gini, FANTOM5), terciles en ~0.36 y ~0.63. Cortes de terciles marcados con línea punteada (mismo criterio de cut_number(x,3) usado en R/09_coocurrencia y R/15_summary_features para clasificar angosto/intermedio/ancho y baja/media/alta especificidad). Requiere data/processed/prom_df.tsv (interquantile_width y sample_specificity_gini vienen de las excepciones documentadas en R/00_prom_features/analysis_tables_exceptions.R). Falta confirmar con el autor si este es el panel final que quiere para el slide."
orientacion_promotor,codigo,Fig. M14,Métodos bioinf. - Caracterización de la library,-,listo,R/28_orientacion_promotor/orientacion_promotor.R,"Nueva sección: orientación transcripcional del promotor (unidireccional vs. bidireccional), a partir de PRO-cap (HEK293, ENCODE) - Orientation Index (OI) per Core & Martins et al. Supp. Fig. 5. Un solo panel con 4 gráficos (A-D, coincide con docs/Fig MyM.pptx slide 14, deck de 16): A) histograma de señal en sentido para justificar el umbral de señal mínima (MIN_SENSE=10); B) histograma del OI para los promotores con señal suficiente, con el umbral OI>=0.9 para clasificarlos como unidireccionales; C) composición (% de promotores por clase); D) metaplot de señal de PRO-cap (sentido/antisentido) alrededor del TSS, en facets por clase (validación de que la clasificación por OI captura una diferencia real de perfil). Portado de transcriptional_library/Analysis/scripts/promoter_orientation.R (pasos 1-4 de ese script) - se omite la validación contra ENCODE (paso 5) y la comparación entre réplicas/efecto sobre actividad-ruido (sección 8), que no corresponden a esta figura. A diferencia del script original, NO restringe a los seq_id de full_data.tsv (FILTER_TO_LIBRARY) - se calcula para los 20851 FP promoters de la library completa, consistente con el resto de prom_df.tsv (features a nivel de locus, no de QC del ensayo reportero); por eso el n difere del de transcriptional_library (11999 bidireccional / 3228 unidireccional / 5624 no clasificados, vs. conteos menores allá). Agrega la columna `orientacion` a prom_df.tsv (ver R/00_prom_features/build_promoter_orientation.R). Resync 2026-09-30: inserta esta figura como nueva M14, desplazando coocurrencia_motivos (ex-M14) a M15 y puffin_prediccion_esquema (ex-M15) a M16."
coocurrencia_motivos,codigo,Fig. M15,Métodos bioinf. - Caracterización de la library,-,listo,R/09_coocurrencia/coocurrencia.R,"Portado de transcriptional_library/Analysis/scripts/coocurrence.R. Co-ocurrencia entre features booleanas del promotor (incluye 'Promotor unidireccional' de M14): A) frecuencia de cada feature (barra oscura) sobre su propio universo no-NA (barra clara); B) heatmap de coeficiente phi (correlación de Pearson sobre 0/1) entre cada par; C) heatmap de log2(lift) (observado/esperado bajo independencia, con pseudocount de Haldane-Anscombe) entre cada par. En B y C, gris = par sin información suficiente; filas/columnas ordenadas por clustering jerárquico. El script genera 6 figuras (feature_frequency, cooccurrence_phi, cooccurrence_lift, cada una con todas las features y versión _signif solo con las significativas - misma dirección de efecto en ambas réplicas y ambos límites del IC, ver activity_summary.tsv). Versión final en docs/Fig MyM.pptx (slide 15, deck de 16): las 3 versiones con todas las features (feature_frequency.jpg, cooccurrence_phi.jpg, cooccurrence_lift.jpg), no las _signif. Jaccard y overlap se evaluaron pero se descartaron (resuelve la nota anterior 'creo que deberia elegir uno'). Requiere prom_df.tsv y activity_summary.tsv (ver R/15_summary_features/summary_features.R). Se corrigió un bug del script original (`data$hek_tpm` referenciaba un objeto inexistente, ahora `prom_df$hek_tpm`). Resync 2026-09-30: pasó de M14 a M15 (ver orientacion_promotor, nueva M14). Actualizado 2026-10-08: "Islas CpG" usa CGI_frag (composición del fragmento de 252 pb) vía build_cooccurrence_features(cgi_col = "CGI_frag"); su universo pasa a ser solo los 20851 promotores EPD (66.6%) - antes la anotación UCSC incluía también enhancers y promotores de cáncer (23806, 62.5%). Las asociaciones de CGI casi no cambian (phi con Alto G+C 0.46 -> 0.47, con DNase 0.40 -> 0.42, con baja especificidad tisular 0.30 -> 0.34); el máximo phi global sigue en 0.66. Regeneradas las 6 figuras."
puffin_prediccion_esquema,esquema,Fig. M16,Métodos bioinf. - Predicción computacional,-,falta hacer,,"Nueva en docs/Fig MyM.pptx (slide 15, deck de 15, autoetiquetada 'Fig. M15' - desactualizada tras este resync): esquema de la estrategia de predicción con Puffin. Cada promotor (252pb) se extiende a 650pb con secuencia real conocida (primers/EGFP) de un lado y relleno aleatorio del otro; la predicción se promedia entre 20 variantes de relleno, tomando el score en la posición 0 (TSS) como estimador de actividad predicha. Dibujado con formas nativas de PowerPoint (sin imagen embebida) - falta exportar a mano o rehacer como esquema editable en figures/M16_puffin_prediccion_esquema/. Resync 2026-09-30: pasó de M15 a M16 (ver orientacion_promotor, nueva M14)."
representatividad_library_venn,codigo,Fig. R1.1,Resultados 1 - Estimación masiva de propiedades transcripcionales,-,listo,R/10_representatividad/venn_replicas.R,"Diagrama de Venn de secuencias detectadas por réplica vs. library completa, sin filtros de calidad. Requiere data/processed/data_long.tsv y data/raw/seq_data.tsv. Resync 2026-07-23: numeración pasó de 'Fig. R1' a 'Fig. R1.1' (esquema R{deck}.{slide}: deck=Resultados 1, slide 1 de docs/Fig R1.pptx) - sin cambio de contenido."
sesgo_representatividad,codigo,Fig. R1.2,Resultados 1,-,revisar,R/10_representatividad/sesgo_representatividad.R,"Panel A: venn presort (comparación con proyecto splicing 2022) + test de Fisher (p<2.2e-16, OR=13.7). Panel B: sesgo de G+C en lecturas secuenciadas - 2 versiones alternativas guardadas (lineal/barras), definir cuál usar. Panel C: violin de G+C para promotores secuenciados vs no. Requiere data/processed/prom_df.tsv, activity_stats_full.tsv, data_long.tsv y data/external/2022_presort_counts.tsv. Resync 2026-07-23: numeración pasó de 'Fig. R2' a 'Fig. R1.2' (esquema R{deck}.{slide}, slide 2 de docs/Fig R1.pptx) - sin cambio de contenido."
spike_in_robustez,codigo,Fig. R1.3,Resultados 1,-,listo,R/11_spike_in/spike_in.R,"Robustez de controles internos de spike-in (30/300/3000 células) por fracción y réplica, relativizado a Spike-In 2. Requiere data/processed/data_long.tsv (ver R/01_activity_stats/build_activity_stats.R). Resync 2026-07-23: numeración pasó de 'Fig. R3' a 'Fig. R1.3' (esquema R{deck}.{slide}, slide 3 de docs/Fig R1.pptx) - sin cambio de contenido."
histograma_gates_kiaa0753,codigo,Fig. R1.4,Resultados 1,Fig 1B (?),listo,R/12_distribuciones/histograma_gates_kiaa0753.R,"Histograma de reconstrucción de distribución (aka 1B) para KIAA0753_1, cuentas normalizadas por gate de sorting (FACS), ambas réplicas diferenciadas por alpha, gates 1-6 marcados en el eje x. Construido desde data/processed/data_long.tsv, sin ninguna excepción. Resync 2026-07-29: separado de distribuciones_expresion (que pasó a Fig. R1.6) en su propia figura - docs/Fig R1.pptx le dio slide propio."
densidad_promotores_individuales,codigo,Fig. R1.5,Resultados 1,-,listo,R/12_distribuciones/densidad_promotores_individuales.R,"Densidad de fluorescencia EGFP (citometría) para cada uno de los 8 promotores validados individualmente, contra el control ('US'/Control) de fondo. Requiere ~519MB de datos de citometría leídos directo de transcriptional_library (ver R/00_prom_features/heavy_data_paths.R, load_citometry_stable_validation() en R/functions/plot_helpers.R). Resync 2026-07-29: separado de distribuciones_expresion (que pasó a Fig. R1.6) en su propia figura - antes era un panel 'extra' sin número propio."
distribuciones_expresion,codigo,Fig. R1.6,Resultados 1,Fig 1C-D (?),revisar,R/12_distribuciones/distribuciones.R,"Panel A (densidad citometría, aka 1C) y Panel C (correlación library vs citometría, aka 1D) listos. Panel B (agregado 2026-07-29): histograma de reconstrucción por gate para KIAA0753_1+TMEM87A_1, solo Rep 2 (mismo dato que Fig. R1.4 pero con TMEM87A_1 también, para comparar forma entre promotores) - portado de transcriptional_library/Analysis/scripts/stable_validation.qmd, construido desde data/processed/data_long.tsv. Requiere data/processed/activity_stats_full.tsv (ver R/01_activity_stats/build_activity_stats.R) y datos de citometría (519MB, leídos directo de transcriptional_library). Confirmar correspondencia con Fig 1 del paper. Resync 2026-07-29: los paneles 'histograma KIAA0753 solo' y 'densidad individual 8 promotores' se separaron en sus propias figuras (Fig. R1.4 y R1.5 respectivamente) - docs/Fig R1.pptx les dio slide propio; esta figura pasó de 'Fig. R1.4' a 'Fig. R1.6'."
filtros_consistencia_replicas,codigo,Fig. R1.7,Resultados 1,-,revisar,R/13_filtros/filtros_consistencia.R,"Panel A/B listos y verificados: correlación entre réplicas antes/después de filtros, Pearson 0.72 (p<2e-16) y 0.852 (p<2e-16) (coincide exacto con lo esperado). Panel C sin resolver: el '12214 de alta confianza' no coincide con ningún conteo que pude reproducir (seq_id en ambas réplicas post-filtro=10404 vía n_per_rep, 10401 vía venn - ambos guardados como candidatos en la carpeta; total de seq_id distintos post-filtro=14158). El slide 5 de docs/Fig R1.pptx muestra un desglose Library=9756/Rep1/Rep2=10401/2919/835 junto al '12214' - pista nueva, todavía no reconcilia del todo. Revisar con el autor de dónde sale 12214 exactamente. Panel D (agregado 2026-07-23): correlación de varianza (ruido) entre réplicas sobre el subconjunto de alta confianza, análogo al panel B pero para var en vez de mean - portado de transcriptional_library/Analysis/scripts/final_github.R ('Variance correlation' / var_replicates.pdf). Pearson 0.31 (p<2e-16; correlación más débil que la de actividad media, esperable para una métrica de ruido). Resync 2026-07-29: distribuciones_expresion se separó en 3 figuras (R1.4/R1.5/R1.6), desplazando esta de 'Fig. R1.5' a 'Fig. R1.7'."
cgi_actividad,codigo,Fig. R2.1,Resultados 2 - Efectos de secuencia sobre actividad,Fig 2 (?),listo,R/14_tata_cgi/tata_cgi.R,"Efecto de las islas CpG sobre actividad media (cgi_scatter, cgi_violin_rep1/rep2.jpg y cgi_oe_deciles.jpg, 4 paneles). Patrón biológico esperado. Desde 2026-10-08 la presencia de isla CpG usa CGI_frag (el fragmento de 252 pb cumple G+C >= 50% y CpG o/e > 0.6, criterios del track UCSC cpgIslandExt) en vez de la anotación genómica CGI (solapamiento > 100 pb con islas UCSC); ambas columnas en prom_df.tsv. cgi_oe_deciles: percentil de actividad media por decil de la razón CpG o/e del fragmento (cpg_oe), por réplica, con rho de Spearman (0.27 en ambas). La razón continua explica más varianza que la anotación (R2 sobre rank de actividad ~0.07-0.08 vs ~0.04) y la anotación no agrega información una vez considerada cpg_oe. Las demás figuras que usan CGI (M11, M15, R2.4, R3.x, plot_helpers.R) siguen con la anotación UCSC. Scatter por bins de 100 promotores (proporción de promotores con el motivo según bin de actividad media, por réplica) + violin Ausencia/Presencia por réplica. x-label unificado ('Bins de actividad media'), violines con labels Ausencia/Presencia. Requiere data/processed/activity_stats_highconf.tsv y prom_df.tsv. Resync 2026-10-08: R2.1 (tata_cgi_actividad, 12 paneles) se separó en 3 figuras (R2.1/R2.2/R2.3), desplazando las demás R2.x +2; los JPG se movieron sin regenerar. Confirmado por el autor 2026-10-08: el deck de Drive (Fig R2) ya tiene el slide separado y esta figura es R2.1. cgi_correlaciones.tsv (agregado 2026-10-08): Spearman de la actividad media con cpg_oe y g_c, en todos los promotores y dentro de cada grupo de CGI_frag, por réplica (cpg_oe: 0.27/0.27 total, 0.19/0.17 con isla; g_c: 0.13/0.12 total, ~0 con isla) - respalda el texto de Resultados."
tata_actividad,codigo,Fig. R2.2,Resultados 2 - Efectos de secuencia sobre actividad,Fig 2 (?),listo,R/14_tata_cgi/tata_cgi.R,"Efecto del TATA-box sobre actividad media (tata_scatter, tata_violin_rep1/rep2.jpg, 3 paneles). Patrón biológico esperado. Scatter por bins de 100 promotores (proporción de promotores con el motivo según bin de actividad media, por réplica) + violin Ausencia/Presencia por réplica. x-label unificado ('Bins de actividad media'), violines con labels Ausencia/Presencia. Requiere data/processed/activity_stats_highconf.tsv y prom_df.tsv. Resync 2026-10-08: R2.1 (tata_cgi_actividad, 12 paneles) se separó en 3 figuras (R2.1/R2.2/R2.3), desplazando las demás R2.x +2; los JPG se movieron sin regenerar. Confirmado por el autor 2026-10-08: el deck de Drive (Fig R2) ya tiene el slide separado y esta figura es R2.2. tata_estratificado_cgi.tsv (agregado 2026-10-08): efecto de la TATA-box (Wilcoxon + Hodges-Lehmann) en todos y por separado con/sin isla CpG (CGI_frag), por réplica - respalda el texto (prevalencia 6.3% con isla vs 11.3% sin isla en ccaat_gcbox/motivos_prevalencia_cgi.tsv)."
tata_posicion,codigo,Fig. R2.3,Resultados 2 - Efectos de secuencia sobre actividad,-,revisar,R/30_tata_posicion/tata_posicion.R,"Nueva 2026-10-09: el efecto de la TATA-box sobre la actividad depende de su posición canónica respecto del TSS. Búsqueda en R/functions/tata_scan.R: matriz de Bucher (1990) con los pesos W de EPD (https://epd.expasy.org/epd/promoter_elements/tata_old.php), columna de referencia (columna 4, la segunda T de TATA) entre -31 y -26 del TSS y corte -8.17 - reproduce TATA_EPD exactamente (1653/1653, 0 FP). Solo promotores FP con activity_stats_highconf.tsv, cada réplica por separado. Panel único tata_posicion_perfil.jpg: HL (IC 95%) por ventana de 10 pb vs. promotores sin coincidencias >= -8.17 en ninguna posición ni hebra, misma hebra / hebra opuesta, por réplica, + % de promotores con coincidencia por ventana. La única ventana positiva es -33 a -24 (contiene -31 a -26): HL 0.23 / 0.20 (Rep 1 / Rep 2) en la misma hebra; el pico de la hebra opuesta en esa ventana es la misma TATA leída en complemento reverso (74% también tiene la canónica; los que no, HL 0.04 / 0.07 n.s.). Tablas de soporte del texto: efecto_por_ventana, clases_vs_sin_motivo (canónica 0.24 / 0.21; solo no canónica -0.058 / -0.056; solo hebra opuesta -0.046 / -0.072), clases_por_estrato (angostos 0.36 / 0.36; con isla CpG 0.39 / 0.42; sin isla 0.16 / 0.12), pct_promotores_con_coincidencia (41.8% de los FP), hebra_opuesta_ventana_canonica (.tsv). El script también genera los paneles de tata_controles y tata_puntaje. Análisis completo en R/30_tata_posicion/exploratorio_tata_posicion.qmd (ya no se usa). Cambio 2026-10-09: la figura de 5 paneles se dividió en R2.3 (perfil), R2.4 (tata_controles) y R2.5 (tata_puntaje), a pedido del autor. Falta insertar los slides en docs/Fig R2.pptx (deck de Drive)."
tata_controles,codigo,Fig. R2.4,Resultados 2 - Efectos de secuencia sobre actividad,-,revisar,R/30_tata_posicion/tata_posicion.R,"Nueva 2026-10-09 (separada de tata_posicion a pedido del autor): controles de composición del efecto posicional de la TATA-box. Búsqueda en R/functions/tata_scan.R: matriz de Bucher (1990) con los pesos W de EPD (https://epd.expasy.org/epd/promoter_elements/tata_old.php), columna de referencia (columna 4, la segunda T de TATA) entre -31 y -26 del TSS y corte -8.17 - reproduce TATA_EPD exactamente (1653/1653, 0 FP). Solo promotores FP con activity_stats_highconf.tsv, cada réplica por separado. tata_controles_permutadas.jpg: perfil por ventana de la misma hebra con la matriz real vs. 10 matrices con las columnas permutadas (misma composición; set.seed 2024) - ninguna permutada da un efecto positivo y significativo en -33 a -24 (real 0.23 / 0.20). tata_controles_modelo_AT.jpg: lm(percentil de actividad ~ clase [+ A/T -50 a -1] [+ A/T del fragmento]) por réplica; la canónica sube de 11.0 / 7.5 a 13.6 / 10.1 puntos de percentil con A/T, y solo no canónica (-3.7 / -2.8) y solo hebra opuesta (-2.9 / -3.5) pasan a ~0 (n.s.) con A/T proximal y del fragmento. Tablas: efecto_por_ventana_permutadas, modelo_clase_AT (.tsv). Generada por R/30_tata_posicion/tata_posicion.R junto con tata_posicion y tata_puntaje. Falta insertar el slide en docs/Fig R2.pptx (deck de Drive)."
tata_puntaje,codigo,Fig. R2.5,Resultados 2 - Efectos de secuencia sobre actividad,-,revisar,R/30_tata_posicion/tata_puntaje_bins.R; R/30_tata_posicion/tata_posicion.R,"Nueva 2026-10-09 (separada de tata_posicion a pedido del autor): efecto de la TATA-box canónica según su puntaje. Búsqueda en R/functions/tata_scan.R: matriz de Bucher (1990) con los pesos W de EPD (https://epd.expasy.org/epd/promoter_elements/tata_old.php), columna de referencia (columna 4, la segunda T de TATA) entre -31 y -26 del TSS y corte -8.17 - reproduce TATA_EPD exactamente (1653/1653, 0 FP). Solo promotores FP con activity_stats_highconf.tsv, cada réplica por separado. tata_puntaje_bins.jpg (tata_puntaje_bins.R): percentil de actividad medio (IC 95%) por bins FIJOS no acumulados del mejor puntaje en -31 a -26 (< -16, -16 a -14, -14 a -12, -12 a -10, -10 a -8.17, -8.17 a -7, -7 a -6, -6 a -5, >= -5), x = mediana del bin, ventana canónica vs. control (-131 a -126; bins con < 20 promotores omitidos del gráfico): plano hasta -10 (~48-51), ~53-58 entre -10 y -5 y 68 / 64 en >= -5; el control queda en ~47-51. tata_puntaje_dosis.jpg (tata_posicion.R): misma idea con bins de 1 unidad unidos en los extremos hasta >= 30 promotores. tata_puntaje_corte.jpg (tata_posicion.R): HL de la canónica para cortes -10 a -4 cada 0.5 vs. referencia FIJA (sin coincidencias >= -10; n = 3077 / 3605): sube en forma monótona (0.19 / 0.15 en -10, 0.24 / 0.21 en -8, 0.44 / 0.44 en -5, 0.52 / 0.50 en -4), sin escalón en -8.17. Tablas: tata_puntaje_bins, dosis_por_bin, efecto_por_corte, spearman_puntaje_actividad (rho total 0.09 / 0.06; por encima del corte 0.18 / 0.17) (.tsv). Falta insertar el slide en docs/Fig R2.pptx (deck de Drive)."
ccaat_gcbox_actividad,codigo,Fig. R2.6,Resultados 2 - Efectos de secuencia sobre actividad,Fig 2 (?),listo,R/14_tata_cgi/tata_cgi.R,"Efecto de CCAAT-box y GC-box sobre actividad media (ccaat_*/gcbox_* scatter + violin rep1/rep2.jpg, 6 paneles). GC-box agregado 2026-10-06 (columna GCbox_EPD de prom_df; tendencia positiva clara, ~0.4 -> ~0.6 de proporción a lo largo de los bins, Wilcoxon p<2.2e-16 en Rep 1). Scatter por bins de 100 promotores (proporción de promotores con el motivo según bin de actividad media, por réplica) + violin Ausencia/Presencia por réplica. x-label unificado ('Bins de actividad media'), violines con labels Ausencia/Presencia. Requiere data/processed/activity_stats_highconf.tsv y prom_df.tsv. Resync 2026-10-08: R2.1 (tata_cgi_actividad, 12 paneles) se separó en 3 figuras (R2.1/R2.2/R2.3), desplazando las demás R2.x +2; los JPG se movieron sin regenerar. Confirmado por el autor 2026-10-08: el deck de Drive (Fig R2) ya tiene el slide separado y esta figura es R2.3. Tablas de soporte del texto (agregadas 2026-10-08): ccaat_gcbox_estratificado_cgi.tsv (efecto con/sin isla CpG), motivos_prevalencia_cgi.tsv (prevalencia de TATA/CCAAT/GC-box según CGI_frag en la library) y ccaat_gcbox_combinacion.tsv (solo CCAAT, solo GC-box, ambos vs ninguno). Cambio 2026-10-09: pasó de R2.3 a R2.4 (nueva R2.3 tata_posicion, pedida por el autor; falta insertar el slide en docs/Fig R2.pptx / deck de Drive). Cambio 2026-10-09: pasó de R2.4 a R2.6 (tata_posicion se dividió en R2.3/R2.4/R2.5: tata_posicion, tata_controles, tata_puntaje)."
summary_features_secuencia,codigo,Fig. R2.7,Resultados 2,Fig 2 (?),revisar,R/15_summary_features/summary_features.R,"Confirmado con el autor y contra docs/Fig R2.pptx (slides 2-3: panel A 'Características basadas en la secuencia' = summary_seq, panel B 'Características basadas en el contexto endógeno' = summary_endo - mismo texto de features, coincide exacto). Dos paneles (summary_seq, summary_endo): efecto de cada feature (booleana) sobre la actividad media, test de Wilcoxon pareado por réplica + corrección BH, solo features con p_corr<0.05. Features en español. Patrón biológico esperado en ambos paneles (TATA/CCAAT/GC-box/CpG suben actividad; HEK293/DNase-seq/promotores anchos también). Requiere data/processed/activity_stats_highconf.tsv y prom_df.tsv. EXCEPCIÓN: 4 features (especificidad tisular, shape del promotor, actividad HEK293, CRM/N_TF_CRM) se calculan en R/00_prom_features/build_prom_features.R leyendo directo de transcriptional_library/Analysis/Tables (ver R/00_prom_features/analysis_tables_exceptions.R) - pendiente reemplazar por pipeline desde datos crudos (CRM y HEK293 ya resueltos, quedan especificidad tisular y shape). Falta leyenda de ejes (ver R7 en por-hacer). Resync 2026-07-23: numeración pasó de 'Fig. R7' a 'Fig. R2.2' (esquema R{deck}.{slide}: ancla en la primera de sus 2 slides - 2 y 3 - de docs/Fig R2.pptx, un solo número para ambos paneles; deja R2.3 vacante) - sin cambio de contenido. Resync 2026-10-08: pasó de R2.2 a R2.4 (R2.1 se separó en 3 figuras: cgi_actividad, tata_actividad, ccaat_gcbox_actividad). Confirmado por el autor 2026-10-08 (deck de Drive ya partido): R2.4 = summary_seq y R2.5 = summary_endo; un solo slug que ancla en R2.4 y deja R2.5 vacante (mismo criterio de 'ancla en la primera de sus 2 slides'). Actualizado 2026-10-08: la feature "Islas CpG" usa CGI_frag (composición del fragmento de 252 pb: G+C >= 50% y CpG o/e > 0.6) vía build_tidy_features(cgi_col = "CGI_frag"); solo cambia esa barra (estimate 0.196 -> 0.222 en Rep 1, 0.266 -> 0.297 en Rep 2), el resto de las features y summary_endo quedan idénticos. activity_summary.tsv regenerado. R3.2 (ruido_summary) sigue usando la anotación UCSC (CGI, default de build_tidy_features). Cambio 2026-10-09: pasó de R2.4 a R2.5 (nueva R2.3 tata_posicion, pedida por el autor; falta insertar el slide en docs/Fig R2.pptx / deck de Drive). Con el desplazamiento, la vacante de summary_endo pasa de R2.5 a R2.6. Cambio 2026-10-09: pasó de R2.5 a R2.7 (tata_posicion se dividió en R2.3/R2.4/R2.5: tata_posicion, tata_controles, tata_puntaje). La vacante de summary_endo pasa a R2.8."
tf_nfya_sp_contexto_endogeno,codigo,Fig. R2.9,Resultados 2 - Relevancia en contexto endógeno,Fig 2 (?),listo (falta leyenda/panel final),R/16_tf_contexto_endogeno/tf_contexto_endogeno.R,"Portado de transcriptional_library/Analysis/scripts/final_github.R (secciones 'ReMap dataset', 'SP1/2 only hek' y 'NFY Remap intersect'). Asociación entre actividad (bins de 100 por rango) y union de NFYA/SP1/SP2 (ChIP-seq ReMap2022): 7 figuras - NFYA/SP1/SP2_scatter.jpg (unión en cualquier línea celular), SP1/SP2_scatter_hek.jpg (unión restringida a HEK293), NFYA_venn.png + NFYA_scatter_intersect.jpg (intersección K-562/HeLa-S3/Hep-G2, excluye GM12878). Depende del nuevo intermedio compartido data/processed/remap_tf_hits.tsv (R/00_prom_features/build_remap_tf_hits.R, lee el bed crudo de ReMap de 5.2GB una sola vez - también sirve para la futura figura de GSEA). Se corrigió un bug del script original (columnas TF_NFYA/TF_SP1/TF_SP2 que pertenecían a otro objeto de Analysis/Tables, acá son NFYA/SP1/SP2). Confirmado vía docs/Fig R2.pptx (slides 4-5): tienen nuestros propios SP2_scatter.jpg y NFYA_venn.png ya insertados por el autor. Nota: la referencia anterior a 'slide Características basadas en el contexto endógeno' era incorrecta, ese texto corresponde al panel summary_endo de R2.2 (título parecido, contenido distinto) - corregido. Falta leyenda/definir panel final. Resync 2026-07-23: numeración pasó de 'Fig. R8' a 'Fig. R2.4' (esquema R{deck}.{slide}: ancla en la primera de sus 2 slides - 4 y 5 - de docs/Fig R2.pptx, un solo número para las 7 salidas; el slide 6 resultó ser remap_tf_activity_gsea, no parte de esta figura - ver R2.6). Resync 2026-10-08: pasó de R2.4 a R2.6 (R2.1 se separó en 3 figuras: cgi_actividad, tata_actividad, ccaat_gcbox_actividad). Numero confirmado por el autor 2026-10-08 contra el deck de Drive actualizado. Cambio 2026-10-09: pasó de R2.6 a R2.7 (nueva R2.3 tata_posicion, pedida por el autor; falta insertar el slide en docs/Fig R2.pptx / deck de Drive). Cambio 2026-10-09: pasó de R2.7 a R2.9 (tata_posicion se dividió en R2.3/R2.4/R2.5: tata_posicion, tata_controles, tata_puntaje)."
remap_tf_activity_gsea,codigo,Fig. R2.11,Resultados 2 - Relevancia en contexto endógeno,-,listo,R/17_remap_activity_gsea/remap_activity_gsea.R,"Portado de transcriptional_library/Analysis/scripts/final_github.R ('Whole Remap - activity analysis' y 'GSEA Remap activity'). Efecto de la union de cada TF (ChIP-seq ReMap2022, cualquier linea celular, ~986 TFs con >100 promotores unidos en ambas replicas) sobre la actividad media (Wilcoxon pareado por replica + BH): remap_act.jpg (todos los significativos, mayoria 'actividad alta'), remap_act_low.jpg (solo 'actividad baja', con nombres - dominado por componentes de Polycomb: RING1, JARID2, CBX8, PHF19, consistente con su rol represivo conocido). PHF19_scatter.jpg (union a PHF19 - subunidad de PRC2, el TF con efecto mas negativo en ambas replicas - vs. actividad por bin, mismo formato que los scatters de R2.4; tendencia decreciente clara, ~5% en baja actividad a ~1-2% en alta). GSEA (terminos GO) sobre esa lista ordenada por efecto, por replica: GSEA_activity_remap.xlsx + GSEA_top_pathway_rep1.jpg (pathway con mayor NES en Rep 1: 'RNA polymerase II general transcription initiation factor activity' - coincide con el nombre 'GSEA_POL2' del script original, buena validacion cruzada). Se corrigieron 2 bugs de pregsea_act() en el original (filter(rep==rep) no filtraba nada; pregsea[[rep]] indexaba con un string una lista sin nombres de group_split()) y se unifico el ID de pathway (NES-ordenado) para el panel top-pathway. Tambien se forzo BiocParallel serial (el default paralelo de fgsea colgaba por memoria en Windows). No leido de Analysis/Tables - depende de data/processed/remap_tf_hits.tsv (ver R/00_prom_features/build_remap_tf_hits.R). Confirmado R2.6 (esquema R{deck}.{slide}) vía docs/Fig R2.pptx (slide 6): tiene nuestro GSEA_top_pathway_rep1.jpg ya insertado por el autor - resync 2026-07-23, antes marcada como sin número asignado. Resync 2026-10-08: pasó de R2.6 a R2.8 (R2.1 se separó en 3 figuras: cgi_actividad, tata_actividad, ccaat_gcbox_actividad). Numero confirmado por el autor 2026-10-08 contra el deck de Drive actualizado. Cambio 2026-10-09: pasó de R2.8 a R2.9 (nueva R2.3 tata_posicion, pedida por el autor; falta insertar el slide en docs/Fig R2.pptx / deck de Drive). Cambio 2026-10-09: pasó de R2.9 a R2.11 (tata_posicion se dividió en R2.3/R2.4/R2.5: tata_posicion, tata_controles, tata_puntaje)."
ruido_cgi_tata,codigo,Fig. R3.1,Resultados 3,-,listo,R/19_ruido_cgi_tata/ruido_cgi_tata.R,"Portado de transcriptional_library/Analysis/scripts/final_github.R (seccion '## Noise', bloques CGI y TATA) y noise_analysis.qmd (funciones roc_curve/auc). 5 figuras: noise_scatter_CGI.jpg y noise_scatter_TATA.jpg (rango de varianza dentro de cada bin de actividad media, var_rank_sw, vs. bin de actividad, coloreado por presencia de la feature, con smooth), ROC_CGI.jpg y ROC_TATA.jpg (curva ROC + AUC por replica de la feature prediciendo var_rank_sw alto), ROC_TATA_expr.jpg (idem TATA-box pero separando ademas por nivel de actividad -bajo/sobre percentil 75-, 4 curvas: AUC mas alta en alta actividad -0.60/0.60- que en baja -0.51/0.52-). Patron biologico esperado y consistente con la literatura: islas CpG predicen MENOR ruido (AUC 0.412/0.446, por debajo de la diagonal) y TATA-box predice MAYOR ruido (AUC 0.541/0.545, por encima de la diagonal) en ambas replicas. Requiere data/processed/activity_stats_highconf.tsv y prom_df.tsv. roc_curve()/noise_auc()/noise_scatter()/noise_roc()/noise_roc_by_expr() en R/functions/plot_helpers.R para reuso en futuras figuras de R3. Actualizado 2026-10-08: noise_scatter_CGI y ROC_CGI usan CGI_frag (composición del fragmento) en vez de la anotación UCSC (CGI). AUC de la curva ROC: 0.399 (Rep 1) y 0.441 (Rep 2). Los paneles de TATA no cambian."
ruido_summary,codigo,Fig. R3.2,Resultados 3,-,listo,R/20_ruido_summary/ruido_summary.R,"Portado de transcriptional_library/Analysis/scripts/final_github.R (bloque 'summary'/plot_auc2 de la seccion de ruido). Analogo al resumen de actividad de R7 pero usando AUC (pROC::roc, IC bootstrap boot.n=2000) de cada feature prediciendo var_rank_sw alto, en vez de Wilcoxon sobre mean. Un solo panel combinado (a diferencia de R7 no se separa en seq/endo, no hace falta para esta figura). Filtra a features con IC que no cruza 0.5 Y mismo sentido (ruido alto/bajo) en ambas replicas - mejora agregada respecto al original, que solo filtraba por IC sin exigir consistencia entre replicas (mismo criterio que ya usa R7). Requiere data/processed/activity_stats_highconf.tsv y prom_df.tsv. build_tidy_features()/feature_groups compartidos con R7 via R/functions/plot_helpers.R (antes duplicados, ver commit de simplificacion). Actualizado 2026-10-08: "Islas CpG" usa CGI_frag (default de build_tidy_features()). AUC 0.422 -> 0.408 (Rep 1) y 0.456 -> 0.451 (Rep 2), algo más fuerte; ninguna otra feature cambia de significancia. ruido_summary_auc.tsv regenerado."
remap_tf_noise_gsea,codigo,Fig. R3.3,Resultados 3,-,listo,R/21_remap_noise_gsea/remap_noise_gsea.R,"Portado de transcriptional_library/Analysis/scripts/final_github.R (seccion '## Remap noise analysis'). Analogo a R2.6 (remap_tf_activity_gsea) pero AUC/ROC sobre var_rank_sw en vez de Wilcoxon sobre mean: Remap_noise.jpg (AUC por TF de ReMap2022 prediciendo ruido, mismo formato que R3.2 via plot_noise_auc_summary()) y GSEA_MLL1.jpg (GSEA sobre GO Cellular Component, ont='CC', pvalueCutoff=0.1). CORRECCION 2026-07-29: bug de direccion en pROC (ver detalle en chipatlas_histonas/R3.4, mismo bug) - con la direccion corregida, de los TFs significativos y consistentes en ambas replicas TODOS predicen ruido BAJO (no alto como se penso originalmente). GO:0071339 'MLL1 complex' SIGUE significativo en Rep 1 tras la correccion (no se cae el hallazgo), pero cambia la lectura: los genes de MLL1 se agrupan entre los TFs con el efecto MAS DEBIL de reduccion de ruido (extremo 'menos ruido bajo' del pool), no entre los de 'mas ruido alto'. Se corrigio tambien un bug distinto del original: usaba un objeto 'tidy_TF_data' que nunca se define en el script (ni en final_github.R ni en ningun otro), claramente pensado como el 'data_TF' de la seccion de actividad pero con var_rank_sw en vez de mean - reconstruido desde cero con remap_tf_hits.tsv. No leido de Analysis/Tables - depende de data/processed/remap_tf_hits.tsv (ya generado, no relee el bed crudo de 5.2GB)."
chipatlas_histonas,codigo,Fig. R3.4,Resultados 3,-,listo,R/22_chipatlas_histonas/chipatlas_histonas.R,"Portado de transcriptional_library/Analysis/scripts/final_github.R (seccion 'ChIP-Atlas') y Histone_chipatlas.qmd. Efecto de marcas de histona (ChIP-Atlas, cualquier linea/experimento) sobre el ruido: chipatlas_noise.jpg (AUC por marca, mismo formato que R3.2/R3.3), noise_scatter_Hist_H3K4me3.jpg y noise_scatter_Hist_H3K4me3_nonCGI.jpg (este ultimo con mean_sw/var_rank_sw recalculados solo dentro del subconjunto no-CGI, mismo patron cualitativo que el global: promotores sin H3K4me3 con mas ruido en el rango medio de actividad, con H3K4me3 mas estable). CORRECCION 2026-07-29: el pipeline original (chipatlas_histonas.R y remap_noise_gsea.R) tenia un bug de direccion en pROC::roc(feature, var_rank_sw, direction='>') - con una columna logical (TRUE/FALSE) plana, pROC ordena los niveles alfabeticamente (FALSE=control, TRUE=caso), asi que direction='>' pregunta '¿FALSE tiene mas ruido que TRUE?', lo opuesto de la lectura intuitiva. R7/R3.2 no tenian este problema porque build_tidy_features() ya convertia a factor(levels=c('TRUE','FALSE')) antes - eso invierte el orden y lo deja correcto. R3.3/R3.4 usaban columnas logical planas (sin ese paso, que en el original si estaba en Histone_chipatlas.qmd's tidy_hist_data para el analisis de ruido especificamente, y se perdio al portar). Confirmado con datos reales de TATA-box: la version corregida da AUC=0.5514231, exactamente el mismo valor que ya tenia R3.2 (que nunca tuvo el bug). Con la direccion corregida: TODAS las marcas de histona significativas y consistentes ahora dan RUIDO BAJO (invertido respecto a lo reportado antes) - H3K4me3 AUC ~0.38-0.44, coincide con el patron visual de los scatters (H3K4me3 mas estable/menor ruido). Se encontraron y corrigieron ademas otros 2 bugs en el original: (1) parseo del archivo crudo (External_data/allPeaks_light.hg38.50_lib_unique.tsv, 5.5GB/157M filas): cada linea es '<n> <seq_id>[TAB]<feature>' pero el '<n> ' inicial NO es el n_samples real (verificado: para ALYREF-WT+RNA polymerase II el numero real de filas es 838, coincide con el n_samples de la tabla vieja, pero el prefijo de esas 838 filas es siempre '1') - el codigo original leia con read_tsv(col_names=c('seq_id','feature')) sin separar ese prefijo, arruinando el count() posterior (da 1 para todo). Agregado con awk en streaming en vez de cargar 157M filas a R - ver R/00_prom_features/build_chipatlas_hits.R. (2) `explist[duplicated(explist$X4),]` hacia lo opuesto de lo buscado - descartaba los mapeos limpios feature->grupo (los que aparecen una sola vez) y dejaba solo los ambiguos, vaciando la tabla casi por completo (H3K4me3 quedaba afuera). Reemplazado por distinct(X4, .keep_all=TRUE). No leido de Analysis/Tables. Actualizado 2026-10-08: noise_scatter_Hist_H3K4me3_nonCGI filtra por !CGI_frag (fragmento sin composición de isla CpG) en vez de !CGI (anotación UCSC); el patrón se mantiene (H3K4me3 asociado a menor ruido también en promotores sin isla CpG). chipatlas_noise y noise_scatter_Hist_H3K4me3 no dependen de CGI y no se regeneraron."
actividad_endogena_multi_tejido,codigo,Fig. R4.1,Resultados 4,-,listo,R/23_actividad_endogena/actividad_endogena.R,"Actividad del promotor endogeno (CAGE TPM, FANTOM5) vs. actividad del reportero, 3 paneles: HEK293, HeLa y musculo esqueletico. Portado de transcriptional_library/Analysis/scripts/cell_line_cage.qmd (HeLa y musculo esqueletico) y hek_cage.qmd (HEK293, ya en prom_df.tsv via build_prom_features.R). HeLa y musculo esqueletico requieren un nuevo intermedio (data/processed/endo_cage_activity.tsv, ver R/00_prom_features/build_endo_cage_activity.R) - CAGEr sobre FANTOM5 crudo (3 replicas ENCODE para HeLa, 4 muestras de tejido para musculo esqueletico, filtradas por 'skeletal muscle tissue' en tissue_ontology_FANTOM5.xlsx). No copiado a TesisDoc/data/external (a diferencia de HEK293) - se referencia directo desde transcriptional_library via heavy_data_paths.R, por preferencia del autor de mantener todos los archivos CAGE de FANTOM5 juntos. Se corrigio un bug del bloque de HeLa en el qmd original (sumaba una columna 'hela_tpm' que todavia no existia en ese punto - copia incompleta del patron sum(score.y,...) que si estaba bien en el bloque de musculo esqueletico mas abajo en el mismo script)."
reporter_endo_fantom,codigo,Fig. R4.2,Resultados 4,-,listo,R/24_reporter_endo_fantom/reporter_endo_fantom.R,"Actividad del reportero vs. actividad endogena promedio/maxima a traves de TODAS las muestras FANTOM5 (tejidos+celulas primarias, a diferencia de R4.1 que usa un tipo celular a la vez). 3 figuras: reporter_endo_mean_fantom.jpg, reporter_endo_mean_fantom_boxplot.jpg, reporter_endo_max_fantom_boxplot.jpg. Portado de transcriptional_library/Analysis/scripts/final_github.R (seccion 'Tissue specificity', fantom_mean_expresion). EXCEPCION: usa data/processed/fantom_endo_activity_summary.tsv, que lee Analysis/Tables/{tissue,primary_cell}_CAGE_activity.tsv - extiende la misma excepcion ya autorizada para especificidad tisular en R7 (sample_CAGE_activity.tsv), ver R/00_prom_features/analysis_tables_exceptions.R. Pendiente reconstruir desde datos crudos."
puffin_selectivity_predscore,codigo,Fig. R4.5,Resultados 4,-,listo,R/25_puffin/puffin.R,"Validacion contra el modelo de secuencia PUFFIN (Dudnyk et al. 2024): actividad del reportero (bins por rango) vs. dos scores de PUFFIN, cada uno con scatter (bins de 100) y boxplot (20 bins) - PUFFIN_selectivity_scatter.jpg/boxplot.jpg (selectividad tisular predicha, Puffin-D, sobre el gen endogeno correspondiente - dato externo publicado, tabla suplementaria del paper, unido por posicion de TSS contra EPD) y PUFFIN_predscore_scatter.jpg/boxplot.jpg (score de PUFFIN en la posicion del TSS al correr el modelo sobre nuestras propias secuencias de la library). Agregado 2026-07-29: PUFFIN_selectivity_by_pattern.jpg - selectividad Puffin-D vs. actividad, separando housekeeping vs. tissue-specific (tercil de sample_specificity_gini, mismo criterio que R4.3/R4.4), actividad reordenada dentro de cada tercil y agrupada en 30 bins; housekeeping consistentemente mas bajo (~2.2-2.9) que tissue-specific (~4-4.6), ambos decrecientes con la actividad, igual que el patron esperado. Portado de transcriptional_library/Analysis/scripts/final_github.R (seccion '#PUFFIN') y seq_features.qmd (join selectivity_dudnik). EXCEPCION: teoTSS_score se lee de Analysis/Tables/Dudnyk_puffin_prediction_summ.tsv (path_puffin_pred, ver R/00_prom_features/analysis_tables_exceptions.R) - el pipeline que la genera desde cero (correr puffin.py sobre nuestra library) esta portado pero NO ejecutado en R/25_puffin/puffin_prediction_model.R, ver ese archivo para el motivo. Pendiente reconstruir desde datos crudos si el modelo/pesos vuelven a estar disponibles."
especificidad_tisular_fantom,codigo,Fig. R4.3,Resultados 4,-,listo,R/25_especificidad_tisular_fantom/especificidad_tisular_fantom.R,"Actividad endogena maxima (FANTOM5, todas las muestras) por bin de actividad del reportero, separando promotores housekeeping vs. tissue-specific segun tercil de sample_specificity_gini. 2 figuras: tissue_specificty_boxplot.jpg (boxplots por 15 bins dentro de cada tercil) y tissue_specificity_residuals.jpg (residuos de log10(TPM)~rango de actividad por tercil). Portado de transcriptional_library/Analysis/scripts/final_github.R (seccion 'Tissue specificity', lineas 763-797). Misma excepcion que R4.2 (fantom_endo_activity_summary.tsv)."
reporter_endo_rank_dif,codigo,Fig. R4.4,Resultados 4,-,listo,R/26_reporter_endo_rank_dif/reporter_endo_rank_dif.R,"Diferencia de rango entre actividad del reportero y actividad endogena maxima (FANTOM5), housekeeping vs. tissue-specific (tercil de sample_specificity_gini), comparado contra una distribucion control de diferencias de rango permutadas al azar. Portado de transcriptional_library/Analysis/scripts/final_github.R (seccion 'Tissue specificity', lineas 799-848). Misma excepcion que R4.2/R4.3 (fantom_endo_activity_summary.tsv)."
rank_dif_lmm,codigo,pendiente,Resultados 4,-,en revision,,"SACADO del pipeline numerado 2026-07-30 (era R4.6/R/27_rank_dif_lmm) - movido a R/discordancia_reportero_endogeno/ (carpeta de staging sin numero, ver su README.md) mientras el autor decide entre 3 disenos del mismo analisis (1_original_sin_corregir, 2_dif_signed_bland_altman, 3_doble_glm_dispersion). Reasignar numero R4.x y volver a completar esta fila cuando se decida cual promover de vuelta al pipeline."
remap_rank_dif_lmm_gsea,codigo,pendiente,Resultados 4,-,en revision,,"SACADO del pipeline numerado 2026-07-30 (era R4.7/R/28_remap_rank_dif_lmm_gsea) - mismo caso que rank_dif_lmm (fila anterior), ver R/discordancia_reportero_endogeno/README.md. Reasignar numero R4.x y volver a completar esta fila cuando se decida cual de los 3 disenos promover."
promalt_actividad,codigo,Fig. R5.1,Resultados 5,Fig 4A (parcial),listo,R/27_promotores_alternativos/promalt_actividad.R,"Fig. 4A del paper (mitad derecha - falta el esquema a mano de la izquierda, only/main/secondary). Violin de actividad media del reportero por categoria (Only/Main/Secondary promoter), comparaciones Wilcoxon entre pares. Portado de transcriptional_library/Analysis/scripts/final_github.R (seccion 'Alternative promoters', lineas 1295-1437). Clasificacion construida desde datos crudos en R/00_prom_features/build_prom_alt_classification.R (data/processed/prom_alt_classification.tsv) - no depende de prom_alt_cor.tsv (144MB, Analysis/Tables) como el original, se reconstruye desde sample_CAGE_activity.tsv (excepcion ya autorizada). CORRECCION: N_switch=sum(switch, na.rm=TRUE) (ver comentario en build_prom_alt_classification.R) y se descarta epd_unique (codigo muerto en el original, demostrablemente redundante con el criterio perc_tpm_gene>0.999)."
promalt_ruido,codigo,Fig. R5.2,Resultados 5,Fig 4B,listo,R/27_promotores_alternativos/promalt_ruido.R,"Fig. 4B del paper. Scatter de rango de varianza (ruido) vs. bin de actividad, coloreado por categoria de promotor alternativo (Sin alternativos/Principal/Secundario) - el secundario muestra mas ruido, particularmente en actividad media. mean_sw/var_rank_sw recalculados con add_noise_rank() (R/functions/plot_helpers.R) sobre el subconjunto filtrado, en vez de cut_width(mean_rank,100) del original - mismo criterio cualitativo, simplificacion menor en el borde del ultimo bin. Portado de transcriptional_library/Analysis/scripts/final_github.R (seccion 'Alternative promoters', lineas 1495-1513)."
promalt_summary,codigo,Fig. R5.3,Resultados 5,Fig 4C (centro+derecha),listo,R/27_promotores_alternativos/promalt_summary.R,"Fig. 4C del paper (falta el esquema a mano de la izquierda, correlated/independent/switch). Efecto de ser Principal o Secundario dentro de cada clase de par (switch/correlated/independent) sobre actividad (Wilcoxon, summary_actividad_promalt.jpg) y ruido (AUC-ROC, summary_ruido_promalt.jpg) - diferencias maximas en pares independientes, casi nulas en switch, para ambas metricas. CORRECCION: mismo bug de pROC que R3.3/R3.4 (typo factor(level=...) en vez de levels=, invertia direction='>'), corregido igual. SIMPLIFICACION: se omite un left_join sin efecto util del original (con promalt_df, la columna se descartaba enseguida - solo duplicaba filas de los ~62 promotores con doble clasificacion, ver build_prom_alt_classification.R). El panel de ruido usa var_rank_sw del set completo de alta confianza (add_noise_rank(), igual que R3.x), no el subconjunto filtrado de R5.2. Extraido wilcox_effect_summary() a R/functions/plot_helpers.R, compartido con R7 (summary_features_secuencia) - verificado output byte-identico tras el refactor. Portado de transcriptional_library/Analysis/scripts/final_github.R (seccion 'Alternative promoters', lineas 1440-1558)."
promalt_pairwise_dif,codigo,Fig. R5.4,Resultados 5,Fig S7A,revisar,R/27_promotores_alternativos/promalt_pairwise_dif.R,"Fig. S7A del paper. Densidad de la diferencia absoluta entre pares Secundario-Principal (observado vs. permutado, n=10 permutaciones) para actividad (arriba) y ruido (abajo) - sin evidencia de mayor similitud que el azar. PENDIENTE DECIDIR: la leyenda del paper dice 'differences between the ranks of activity' pero el codigo original grafica la diferencia de la MEDIA CRUDA (true_dif_mean); existe una variable true_dif_mean_rank calculada pero nunca usada en el original. Se generaron ambas versiones (pairwise_dif_promalt_actividad_cruda.jpg = lo que hace el codigo, pairwise_dif_promalt_actividad_rank.jpg = lo que dice la leyenda) para que el autor decida cual usar; pairwise_dif_promalt_ruido.jpg no tiene esta ambiguedad (el original solo usa la version rank, true_dif_var_rank). Portado de transcriptional_library/Analysis/scripts/final_github.R (seccion 'Alternative promoters', lineas 1560-1632)."
promalt_posicion,codigo,Fig. R5.5,Resultados 5,Fig S7B,listo,R/27_promotores_alternativos/promalt_posicion.R,"Fig. S7B del paper. Diferencias marginales en actividad y ruido del promotor secundario segun si esta upstream o downstream del principal (mismo gen). Requiere strand/start de data/raw/library.bed para determinar la posicion relativa. Portado de transcriptional_library/Analysis/scripts/final_github.R (seccion 'Alternative promoters', lineas 1634-1674)."
promalt_clasificacion_secundaria,codigo,Fig. R5.6,Resultados 5,Fig S7C,listo,R/27_promotores_alternativos/promalt_clasificacion_secundaria.R,"Fig. S7C del paper. Densidad de correlacion de Pearson (actividad del par Secundario-Principal) por clase (switch/correlated/independent), separado por presencia/ausencia de casos de switch en el gen. Portado de transcriptional_library/Analysis/scripts/final_github.R (seccion 'Alternative promoters', lineas 1394-1408)."
promalt_enriquecimiento,codigo,Fig. R5.7,Resultados 5,-,listo,R/27_promotores_alternativos/promalt_enriquecimiento.R,"No es una figura del paper - agregada a pedido del autor, numero provisorio (mismo criterio que el resto de R3/R4/R5 antes de confirmar contra un pptx). REEMPLAZA a un primer intento (promalt_coocurrencia.R, matriz cuadrada feature-vs-feature via phi/Jaccard) que no respondia la pregunta pedida - el autor queria una matriz rectangular (categoria en filas, features en columnas) para evaluar enriquecimiento, no co-ocurrencia par-a-par. Heatmap de log2 fold-enrichment: prevalencia del feature dentro de cada categoria (Principal/Secundario/Sin promotores alternativos) respecto a su prevalencia general en el conjunto clasificado (normalizacion por columna/feature, ya que features raros y comunes no son comparables en escala absoluta). Significancia por test exacto de Fisher (categoria vs. resto), corregido BH. 'No detectado (FANTOM5)' se descarta del set de features (constante en este subconjunto, ver commit del intento anterior). Actualizado 2026-10-08: "Islas CpG" usa CGI_frag vía build_cooccurrence_features(); mismo patrón (enriquecida en principales/sin alternativos, depletada en secundarios), ninguna feature cambia de significancia. Regenerados promalt_enrichment.tsv, promalt_enriquecimiento_features.jpg y promalt_enrichment_features_en.pdf - el .tsv/.jpg anteriores eran previos a agregar "Promotor unidireccional" (2026-09-30), que ahora aparece."
