feature	rep	AUC	ci2.5	ci97.5	pval	pval_corr
LINE	Rep 1	0.5562530156341566	0.5169981209961017	0.5955079102722116	0.004974724085062692	0.009380908274689648
SINE	Rep 1	0.5426848338324597	0.5156577858242589	0.5697118818406605	0.001965179043199929	0.004053181776599853
LTR	Rep 1	0.643323382144048	0.6006841307212488	0.6859626335668473	4.457006329376094e-11	2.6742037976256564e-10
Alto contenido G+C	Rep 1	0.4339074535603242	0.4217373371601343	0.44607756996051406	1.8592247901560676e-26	4.0902945383433484e-25
Sin actividad en ratón	Rep 1	0.5189756934803916	0.4945462636661758	0.5434051232946074	0.12790568821833337	0.19185853232750005
Insertado en humanos	Rep 1	0.5139081294555914	0.47221011364574567	0.5556061452654372	0.5132828518758454	0.6273457078482556
Elementos transponibles	Rep 1	0.5730475982703743	0.5535830469098592	0.5925121496308895	1.902756459444223e-13	1.2558192632331871e-12
Repeticiones de baja complejidad	Rep 1	0.4594973069594257	0.4450924473725131	0.4739021665463383	3.569924011319827e-8	1.6829641767650612e-7
Alta conservación (16 a -50pb)	Rep 1	0.5107182777485068	0.49855893840078486	0.5228776170962286	0.08404574454452722	0.13207188428425706
Alta conservación (-50 a -150)	Rep 1	0.5129761629247062	0.5008077785407964	0.5251445473086159	0.0366112401703064	0.06040854628100555
Alta conservación (-150 a -235)	Rep 1	0.5153747171973544	0.5031998542289263	0.5275495801657825	0.013320228582829037	0.023135133854387275
TATA-box	Rep 1	0.5514231173339593	0.5288777078943868	0.5739685267735318	7.806600046701056e-6	2.4535028718203317e-5
CCAAT	Rep 1	0.4975688139356789	0.4831049562743242	0.5120326715970337	0.7418198013663602	0.8026247031177012
GC-box	Rep 1	0.47056377192665294	0.459145310712074	0.4819822331412319	4.3563022952109083e-7	1.597310841577333e-6
Islas CpG	Rep 1	0.42163134652556084	0.4092880692666361	0.4339746237844856	1.5076130079608247e-35	9.950245852541443e-34
Retrotransposón	Rep 1	0.6111329206224093	0.5428567058449059	0.6794091353999128	0.0014216181693168326	0.003350957113389677
TCT	Rep 1	0.512615292540712	0.49797803475822544	0.5272525503231986	0.09117766445790863	0.13994711288888304
CG en TSS	Rep 1	0.44854680157849824	0.4331491018231968	0.46394450133379966	5.775059879077386e-11	3.176282933492562e-10
TA en TSS	Rep 1	0.5090018170410819	0.4880306626422969	0.529972971439867	0.4001744157439343	0.5178727733156797
TG en TSS	Rep 1	0.4955182370551452	0.47876118789772026	0.5122752862125701	0.6001374159681699	0.6829149905844693
CA en TSS	Rep 1	0.49712922020698214	0.4852642655845106	0.5089941748294537	0.6353414569901825	0.6988756026892008
TSS no canónico	Rep 1	0.5422832144273585	0.5270914720612516	0.5574749567934654	4.892528559720875e-8	2.152712566277185e-7
TSS fuerte	Rep 1	0.514931680940601	0.49894657326550335	0.5309167886156987	0.06713019728082455	0.10806324440327854
No detectado (FANTOM5)	Rep 1	0.5911191205308852	0.5702789184464326	0.6119593226153378	1.0393173661998289e-17	9.799278024169815e-17
Alta especificidad tisular	Rep 1	0.5659769355983156	0.5530256186640266	0.5789282525326047	1.781980820860817e-23	2.940268354420348e-22
Baja especificidad tisular	Rep 1	0.44044926399096346	0.42819992279422753	0.4526986051876994	1.5964114376768534e-21	2.1072630977334465e-20
Promotores angostos	Rep 1	0.5505367114192855	0.537307604354648	0.563765818483923	7.031131722525653e-14	5.156163263185479e-13
Promotores anchos	Rep 1	0.47633253914324875	0.463435819780132	0.4892292585063655	3.2211273120355164e-4	8.503776103773764e-4
Alta actividad en HEK293	Rep 1	0.4650792987538767	0.4528873426508341	0.47727125485691935	1.9792031412772095e-8	1.004826210186891e-7
Alta accesibilidad de cromatina (DNase-seq)	Rep 1	0.44686368014784583	0.4351942863598478	0.45853307393584386	4.47104531436943e-19	4.918149845806373e-18
Enhancers a 50kb	Rep 1	0.49687559654363117	0.4844917246160652	0.5092594684711971	0.620959173868942	0.6946322961923757
Sin módulo cis-regulatorio	Rep 1	0.6257709157415677	0.5770244609940031	0.6745173704891324	4.2610279812843743e-7	1.597310841577333e-6
Promotor unidireccional	Rep 1	0.509073713370558	0.4929582210570694	0.5251892056840465	0.2697910873768296	0.3709627451431407
LINE	Rep 2	0.4877614642679682	0.45323094589300744	0.522291982642929	0.4872662343809875	0.6067843673423617
SINE	Rep 2	0.5373862455201267	0.5137810319263243	0.5609914591139291	0.0019078363580543381	0.004053181776599853
LTR	Rep 2	0.5581689221545661	0.5143914622831671	0.6019463820259652	0.009206610034494361	0.01687878506323966
Alto contenido G+C	Rep 2	0.4351566951566952	0.4239269760800412	0.4463864142333492	1.0769081957362274e-29	3.5537970459295507e-28
Sin actividad en ratón	Rep 2	0.5005376879224168	0.4791290649492852	0.5219463108955484	0.9607396347759014	0.9755202445416844
Insertado en humanos	Rep 2	0.5246148391492945	0.4864361879224388	0.5627934903761502	0.2063580715869519	0.2897794196752942
Elementos transponibles	Rep 2	0.5279706790123457	0.5105157972554796	0.5454255607692119	0.001685123983279283	0.003835109755049403
Repeticiones de baja complejidad	Rep 2	0.46729313155946234	0.45418702254866977	0.4803992405702549	1.0023534899525187e-6	3.4818594914140125e-6
Alta conservación (16 a -50pb)	Rep 2	0.51763308050802	0.5065284771076496	0.5287376839083905	0.0018567281417567508	0.004053181776599853
Alta conservación (-50 a -150)	Rep 2	0.5168956886833355	0.5057463138896596	0.5280450634770113	0.0029768689582246517	0.005953737916449303
Alta conservación (-150 a -235)	Rep 2	0.49858199160962213	0.48741495473059954	0.5097490284886448	0.8034540748222786	0.8552898215850062
TATA-box	Rep 2	0.5548085832210242	0.5336969151932941	0.5759202512487543	3.612560654582763e-7	1.4901812700153897e-6
CCAAT	Rep 2	0.5088407209292964	0.4953319132192766	0.5223495286393163	0.19960376477073752	0.2863880103232321
GC-box	Rep 2	0.47404493783701396	0.46355220290349636	0.48453767277053156	1.2458020628658935e-6	4.111146807457448e-6
Islas CpG	Rep 2	0.4557642281479869	0.44460050832738185	0.46692794796859194	8.082787770821089e-15	6.668299910927398e-14
Retrotransposón	Rep 2	0.48165989252600866	0.4244042368962805	0.5389155481557368	0.5301252452110112	0.6361502942532135
TCT	Rep 2	0.5063502991706563	0.4926083893704279	0.5200922089708847	0.365082720734669	0.4819091913697631
CG en TSS	Rep 2	0.4822136693773667	0.46783878987307254	0.4965885488816609	0.01530403222761219	0.025899131462112937
TA en TSS	Rep 2	0.5053964693665628	0.4860862611128238	0.5247066776203018	0.5838735671266027	0.6760641303571189
TG en TSS	Rep 2	0.5009647504485656	0.4855257210541345	0.5164037798429967	0.9025238181898856	0.9455011428655945
CA en TSS	Rep 2	0.4948604760416365	0.48394781719915	0.5057731348841231	0.35596433540603256	0.47946216605710507
TSS no canónico	Rep 2	0.5180476749507222	0.5043839811992697	0.5317113687021747	0.009630645922321988	0.017178990023601383
TSS fuerte	Rep 2	0.5005838355230143	0.48587513124491977	0.5152925398011089	0.9379893418932136	0.9673015088273765
No detectado (FANTOM5)	Rep 2	0.5407285431009367	0.5218297786628421	0.5596273075390312	2.401113837493692e-5	7.203341512481077e-5
Alta especificidad tisular	Rep 2	0.5194402014093069	0.5075158017892802	0.5313646010293336	0.001396831034400277	0.003350957113389677
Baja especificidad tisular	Rep 2	0.47584416816341374	0.46440047735285533	0.48728785897397214	3.5160675866042164e-5	1.0089585248516447e-4
Promotores angostos	Rep 2	0.5206112100054467	0.5084099629406598	0.5328124570702337	9.299315655542486e-4	0.0023605955125607847
Promotores anchos	Rep 2	0.5036263855121399	0.49149577409330886	0.515756996930971	0.5579283261043446	0.6575583843372633
Alta actividad en HEK293	Rep 2	0.5076071389865365	0.49601898671352157	0.5191952912595514	0.19822165466373276	0.2863880103232321
Alta accesibilidad de cromatina (DNase-seq)	Rep 2	0.5000446101462801	0.48911496365764007	0.5109742566349201	0.9936172027031258	0.9936172027031258
Enhancers a 50kb	Rep 2	0.5040802511386838	0.492767078658682	0.5153934236186857	0.47963611414718116	0.6067843673423617
Sin módulo cis-regulatorio	Rep 2	0.584368471915091	0.5407123755261338	0.6280245683040482	1.5200666451558486e-4	4.180183274178584e-4
Promotor unidireccional	Rep 2	0.5212582237463166	0.506436188660303	0.5360802588323301	0.004938144533853401	0.009380908274689648
