rep	variable	grupo	n	rho	pval
Rep 1	cpg_oe	Todos	9800	0.27355535573679796	9.600133479804368e-168
Rep 1	cpg_oe	Con isla CpG	6975	0.18887098201534652	5.031275844855589e-57
Rep 1	cpg_oe	Sin isla CpG	2825	0.05969875492476176	0.001501158423993974
Rep 1	g_c	Todos	9800	0.13433475299418093	1.0732051218048626e-40
Rep 1	g_c	Con isla CpG	6975	0.006122658396580523	0.6091718569330353
Rep 1	g_c	Sin isla CpG	2825	0.04886435242538952	0.009388373134052677
Rep 2	cpg_oe	Todos	11600	0.26574036020990144	1.0079788944281022e-186
Rep 2	cpg_oe	Con isla CpG	8044	0.16573623706763793	1.2263668208060368e-50
Rep 2	cpg_oe	Sin isla CpG	3556	0.07714469842081668	4.113661383778265e-6
Rep 2	g_c	Todos	11600	0.12168202247646	1.6346205675135076e-39
Rep 2	g_c	Con isla CpG	8044	-0.02200452336314924	0.04844071876647119
Rep 2	g_c	Sin isla CpG	3556	0.019733537215841875	0.23941302985492352
