rep	ventana	bin	puntaje_min	puntaje_max	puntaje_medio	n	act_pct_media	se	conf.low	conf.high
Rep 1	Canónica (−31 a −26)	-28	-29.790000000000003	-27.009999999999998	-27.744177215189872	79	47.66914366869518	3.2718265200567536	41.25636368938394	54.081923648006416
Rep 1	Canónica (−31 a −26)	-27	-26.990000000000002	-26.009999999999998	-26.43409523809524	105	45.03175572815157	2.626220335034755	39.88436387148345	50.179147584819695
Rep 1	Canónica (−31 a −26)	-26	-25.999999999999996	-25.01	-25.458497409326423	193	48.27531089665476	1.9906338888209796	44.37366847456564	52.17695331874388
Rep 1	Canónica (−31 a −26)	-25	-25	-24.009999999999998	-24.462423208191126	293	46.95807211365723	1.6903239359224886	43.64503719924915	50.27110702806531
Rep 1	Canónica (−31 a −26)	-24	-24	-23.009999999999998	-23.49607792207792	385	45.442565986243444	1.4227854282466978	42.65390654687992	48.23122542560697
Rep 1	Canónica (−31 a −26)	-23	-23	-22.009999999999998	-22.47018018018018	555	48.02876792491942	1.1955161584936604	45.685556254271845	50.371979595567
Rep 1	Canónica (−31 a −26)	-22	-22	-21.009999999999994	-21.468542944785277	652	50.059182278920616	1.0946133186669056	47.91374017433348	52.20462438350775
Rep 1	Canónica (−31 a −26)	-21	-21	-20.000000000000004	-20.489974126778783	773	49.30339605126491	1.0258439768692318	47.29274185660122	51.314050245928605
Rep 1	Canónica (−31 a −26)	-20	-20	-19.000000000000004	-19.504589552238805	804	46.54439824903177	0.9887563026948788	44.60643589574981	48.48236060231373
Rep 1	Canónica (−31 a −26)	-19	-19	-18.000000000000004	-18.512187886279357	809	49.61799638006453	0.9783221403424537	47.700484984993324	51.53550777513574
Rep 1	Canónica (−31 a −26)	-18	-18	-17.000000000000004	-17.51529761904762	840	48.87453820868604	0.969861401179294	46.97360986237462	50.77546655499746
Rep 1	Canónica (−31 a −26)	-17	-17	-16.01	-16.50989501312336	762	49.44651275646134	1.057906992038462	47.37301505206595	51.520010460856724
Rep 1	Canónica (−31 a −26)	-16	-16	-15.000000000000002	-15.514540145985402	685	48.87633452089529	1.1216906647402267	46.67782081800445	51.074848223786134
Rep 1	Canónica (−31 a −26)	-15	-15	-14.000000000000002	-14.510633802816901	568	49.71044450371543	1.1857027424482796	47.3864671285168	52.03442187891406
Rep 1	Canónica (−31 a −26)	-14	-14	-13.000000000000002	-13.540656108597286	442	50.082739735619825	1.3448170097765901	47.446898396457705	52.718581074781945
Rep 1	Canónica (−31 a −26)	-13	-13	-12.01	-12.519408450704226	355	50.22344205735328	1.5378947232242657	47.20916839983372	53.23771571487284
Rep 1	Canónica (−31 a −26)	-12	-12	-11.009999999999998	-11.538320610687023	262	49.984572722708485	1.8264172398294292	46.4047949326428	53.56435051277417
Rep 1	Canónica (−31 a −26)	-11	-11	-10.009999999999998	-10.504285714285714	231	51.42647347900861	1.935699175421078	47.632503095183296	55.22044386283392
Rep 1	Canónica (−31 a −26)	-10	-9.989999999999998	-9.009999999999998	-9.512903225806452	186	56.203596052749695	2.1405613976307376	52.00809571339345	60.39909639210594
Rep 1	Canónica (−31 a −26)	-9	-8.999999999999998	-8.01	-8.515555555555554	153	56.99357052262295	2.340575508193479	52.40604252656374	61.58109851868217
Rep 1	Canónica (−31 a −26)	-8	-8	-7.000000000000001	-7.519496402877698	139	56.29595285286737	2.7506633307720856	50.90465272455408	61.68725298118066
Rep 1	Canónica (−31 a −26)	-7	-6.999999999999999	-6.000000000000001	-6.548055555555556	144	57.94093192153669	2.498045408126526	53.044762921608694	62.83710092146468
Rep 1	Canónica (−31 a −26)	-6	-5.989999999999999	-5.000000000000001	-5.513577235772358	123	56.301433814582495	2.893003787744464	50.63114639060335	61.97172123856164
Rep 1	Canónica (−31 a −26)	-5	-5	-4.01	-4.524642857142857	112	65.34283459871426	2.9067605168461634	59.64558398569578	71.04008521173274
Rep 1	Canónica (−31 a −26)	-4	-3.9999999999999996	-3.0000000000000004	-3.505913978494623	93	66.6382030245904	3.1331798060978646	60.49717060463858	72.77923544454221
Rep 1	Canónica (−31 a −26)	-3	-3	-2.0100000000000002	-2.5614285714285714	49	69.92278890786613	3.9521433642661212	62.17658791390454	77.66898990182773
Rep 1	Canónica (−31 a −26)	-2	-2	-0.2	-1.2867741935483872	31	79.68517022352717	4.166986181892948	71.51787730701699	87.85246314003734
Rep 1	Control (−131 a −126)	-29	-29.779999999999998	-28.009999999999998	-28.69942857142857	35	56.17273176833348	4.795532441189874	46.77348818360132	65.57197535306562
Rep 1	Control (−131 a −126)	-28	-28	-27.009999999999998	-27.464634146341464	82	54.974025458031	2.9786855671428087	49.1358017464311	60.8122491696309
Rep 1	Control (−131 a −126)	-27	-27	-26.009999999999998	-26.39878205128205	156	52.97056842566922	2.2454288320242832	48.56952791490163	57.371608936436814
Rep 1	Control (−131 a −126)	-26	-26	-25.009999999999994	-25.434388489208633	278	51.810976386880725	1.8023934994881157	48.27828512788402	55.34366764587743
Rep 1	Control (−131 a −126)	-25	-25	-24.000000000000004	-24.495983146067417	356	51.82018010474079	1.5261402872657042	48.82894514170001	54.811415067781574
Rep 1	Control (−131 a −126)	-24	-24	-23.009999999999998	-23.456929460580913	482	50.68630333631588	1.292692170362323	48.152626682405725	53.21997999022604
Rep 1	Control (−131 a −126)	-23	-23	-22.009999999999998	-22.50730462519936	627	51.02819014178047	1.1536786332656987	48.7669800205797	53.28940026298124
Rep 1	Control (−131 a −126)	-22	-22	-21.000000000000004	-21.494358974358974	780	50.59761184990263	1.0237663472944512	48.5910298092055	52.60419389059975
Rep 1	Control (−131 a −126)	-21	-21	-20.009999999999998	-20.50562115621156	813	50.80019676189431	1.006287622919552	48.82787302097199	52.77252050281663
Rep 1	Control (−131 a −126)	-20	-20	-19.000000000000004	-19.52133625410734	913	49.09245467458773	0.95068520590078	47.229111671022196	50.95579767815326
Rep 1	Control (−131 a −126)	-19	-19	-18.000000000000004	-18.494674493062966	937	49.79761418130666	0.9156580123141478	48.002924477170936	51.59230388544239
Rep 1	Control (−131 a −126)	-18	-18	-17.000000000000004	-17.511631284916202	895	50.5814105604907	0.9678591365432799	48.684406652865874	52.47841446811553
Rep 1	Control (−131 a −126)	-17	-17	-16.009999999999998	-16.527149643705464	842	50.814945459100734	1.0058242780686084	48.843529874086265	52.7863610441152
Rep 1	Control (−131 a −126)	-16	-16	-15.000000000000002	-15.52812585499316	731	48.06792089340744	1.0586320805955187	45.993002015440226	50.14283977137465
Rep 1	Control (−131 a −126)	-15	-14.99	-14.009999999999998	-14.525156794425087	574	48.96603798484097	1.2222087465348768	46.570508841632616	51.36156712804933
Rep 1	Control (−131 a −126)	-14	-14	-13.000000000000002	-13.518703703703704	432	50.303244982918166	1.46092950300565	47.43982315702709	53.16666680880924
Rep 1	Control (−131 a −126)	-13	-13	-12.000000000000002	-12.533333333333333	321	46.33314112701412	1.6134353199872016	43.17080789983921	49.495474354189035
Rep 1	Control (−131 a −126)	-12	-11.990000000000002	-11.009999999999996	-11.535571428571428	210	45.23979210906517	2.049041224138328	41.223671309754046	49.255912908376295
Rep 1	Control (−131 a −126)	-11	-11	-10.000000000000002	-10.5955	160	50.76664630421503	2.24971622946883	46.357202494456125	55.176090113973935
Rep 1	Control (−131 a −126)	-10	-10	-9.019999999999998	-9.605185185185185	81	50.85999934639044	3.1089616948178094	44.76643442454753	56.95356426823334
Rep 1	Control (−131 a −126)	-9	-8.979999999999999	-8.1	-8.611923076923077	52	41.899072725279204	4.2465125997710524	33.57590802972794	50.22223742083047
Rep 1	Control (−131 a −126)	-6	-8	-3.6499999999999995	-6.439090909090909	66	45.68531990645613	3.6616949749425634	38.50839775556871	52.86224205734355
Rep 2	Canónica (−31 a −26)	-28	-29.790000000000003	-27.009999999999998	-27.758247422680412	97	48.47988749640436	2.6769947504748104	43.23297778547373	53.72679720733499
Rep 2	Canónica (−31 a −26)	-27	-27	-26.009999999999998	-26.445882352941176	119	45.06110746055225	2.314512224663722	40.524663500211354	49.59755142089315
Rep 2	Canónica (−31 a −26)	-26	-25.999999999999996	-25.000000000000004	-25.441062801932368	207	50.404795305872156	1.833257098564782	46.81161139268519	53.997979219059125
Rep 2	Canónica (−31 a −26)	-25	-25	-24.009999999999998	-24.454358974358975	351	48.04497852207118	1.562782996627898	44.9819238486805	51.108033195461864
Rep 2	Canónica (−31 a −26)	-24	-24	-23.009999999999998	-23.504059829059827	468	47.040583569605275	1.294892559245181	44.50259415348472	49.57857298572583
Rep 2	Canónica (−31 a −26)	-23	-23	-22.000000000000004	-22.481032357473033	649	47.83537777985369	1.1267901749851188	45.62686903688285	50.04388652282452
Rep 2	Canónica (−31 a −26)	-22	-22	-21.009999999999994	-21.472846054333765	773	48.90488895147501	1.0311885492066706	46.883759395029934	50.926018507920084
Rep 2	Canónica (−31 a −26)	-21	-21	-20.000000000000004	-20.487688937568453	913	50.140486160971825	0.933215709085312	48.31138337116462	51.969588950779034
Rep 2	Canónica (−31 a −26)	-20	-20	-19.000000000000004	-19.513484358144552	927	48.40511118022832	0.9261660361864754	46.589825749302825	50.22039661115381
Rep 2	Canónica (−31 a −26)	-19	-19	-18.000000000000004	-18.506546990496304	947	49.60192110917556	0.9144190060959089	47.80965985722757	51.39418236112354
Rep 2	Canónica (−31 a −26)	-18	-18	-17.000000000000004	-17.514016309887868	981	48.579758434717085	0.894898550173595	46.82575727637684	50.33375959305733
Rep 2	Canónica (−31 a −26)	-17	-17	-16.01	-16.511498905908095	914	48.952274150863325	0.9482269828723131	47.09374926443359	50.81079903729306
Rep 2	Canónica (−31 a −26)	-16	-16	-15.000000000000002	-15.517242236024845	805	51.477920677474366	0.9631883421025457	49.59007152695337	53.36576982799536
Rep 2	Canónica (−31 a −26)	-15	-15	-14.000000000000002	-14.522515060240965	664	47.81457901879651	1.1338182822534597	45.59229518557973	50.036862852013286
Rep 2	Canónica (−31 a −26)	-14	-14	-13.000000000000002	-13.532350746268657	536	51.652449730335576	1.242494263413157	49.21716097404579	54.08773848662536
Rep 2	Canónica (−31 a −26)	-13	-13	-12.01	-12.527404761904762	420	49.12961550448633	1.4476373603426251	46.29224627821478	51.96698473075788
Rep 2	Canónica (−31 a −26)	-12	-12	-11.009999999999998	-11.527056962025316	316	49.90325372704797	1.7048125587334892	46.56182111193033	53.24468634216561
Rep 2	Canónica (−31 a −26)	-11	-11	-10.009999999999998	-10.502294520547945	292	52.05921838060768	1.7109756880856484	48.705706031959814	55.41273072925555
Rep 2	Canónica (−31 a −26)	-10	-10	-9.010000000000002	-9.523274336283185	226	51.25568148909124	2.1014678707456973	47.13680446242967	55.3745585157528
Rep 2	Canónica (−31 a −26)	-9	-8.999999999999998	-8.01	-8.526117021276596	188	54.44990875176816	2.2149325990194733	50.10864085769	58.79117664584633
Rep 2	Canónica (−31 a −26)	-8	-8	-7.000000000000001	-7.510714285714286	168	53.729362482161314	2.550300377027668	48.730773743187086	58.72795122113554
Rep 2	Canónica (−31 a −26)	-7	-6.999999999999999	-6.000000000000001	-6.556453488372093	172	53.21710099416001	2.313013395891589	48.6835947382125	57.75060725010753
Rep 2	Canónica (−31 a −26)	-6	-5.989999999999999	-5.000000000000001	-5.518951048951049	143	55.05957184393285	2.7223371678098425	49.72379099502556	60.39535269284014
Rep 2	Canónica (−31 a −26)	-5	-5	-4.01	-4.532403100775194	129	62.792166350233785	2.7610528898074915	57.3805026862111	68.20383001425647
Rep 2	Canónica (−31 a −26)	-4	-3.9999999999999996	-3.0000000000000004	-3.5165346534653463	101	58.89699286842222	3.155381935637262	52.71244427457319	65.08154146227125
Rep 2	Canónica (−31 a −26)	-3	-3	-2.0100000000000002	-2.57	66	67.85196087641833	3.8797901117374365	60.247572257412955	75.45634949542371
Rep 2	Canónica (−31 a −26)	-2	-2	-0.39	-1.3714634146341464	41	74.79793821362257	4.481171651175478	66.01484177731864	83.58103464992651
Rep 2	Control (−131 a −126)	-29	-30.73	-28.009999999999998	-28.736585365853657	41	57.75921460558043	4.148641479074757	49.62787730659391	65.89055190456696
Rep 2	Control (−131 a −126)	-28	-28	-27.009999999999998	-27.457065217391303	92	53.78899639054052	2.8787312168021932	48.14668320560822	59.43130957547282
Rep 2	Control (−131 a −126)	-27	-27	-26.009999999999998	-26.40043243243243	185	53.362085819888094	2.0716988024435614	49.30155616709871	57.42261547267748
Rep 2	Control (−131 a −126)	-26	-26	-25.009999999999994	-25.448535031847133	314	52.259001779402375	1.6391345322252133	49.04629809624096	55.47170546256379
Rep 2	Control (−131 a −126)	-25	-25	-24.000000000000004	-24.48232183908046	435	49.15236319146661	1.4076840683479965	46.39330241750454	51.91142396542868
Rep 2	Control (−131 a −126)	-24	-24	-23.009999999999998	-23.46924561403509	570	51.28156897583262	1.179745799741702	48.969267208338884	53.593870743326356
Rep 2	Control (−131 a −126)	-23	-23	-22.009999999999998	-22.51157967032967	728	53.71433918303536	1.0190370127036514	51.7170266381362	55.711651727934516
Rep 2	Control (−131 a −126)	-22	-22	-21.000000000000004	-21.4878125	896	51.0734450353083	0.9524883860967711	49.20656779855863	52.940322272057976
Rep 2	Control (−131 a −126)	-21	-21	-20.009999999999998	-20.49726	1000	49.91546675852566	0.9479916073959699	48.05740320802956	51.77353030902176
Rep 2	Control (−131 a −126)	-20	-20	-19.000000000000004	-19.515913284132843	1084	49.32341908675718	0.8684473040021649	47.62126237091293	51.02557580260142
Rep 2	Control (−131 a −126)	-19	-19	-18.000000000000004	-18.50023679417122	1098	49.7257328170657	0.864956351438943	48.03041836824537	51.421047265886024
Rep 2	Control (−131 a −126)	-18	-18	-17.000000000000004	-17.52319376825706	1027	51.06728224269223	0.9110742927367496	49.2815766289282	52.85298785645626
Rep 2	Control (−131 a −126)	-17	-17	-16.009999999999998	-16.519616161616163	990	51.215879080157414	0.9118179980929891	49.42871580389516	53.00304235641967
Rep 2	Control (−131 a −126)	-16	-16	-15.000000000000002	-15.533257211538462	832	47.18197065701264	0.989401097990805	45.242744504950664	49.12119680907462
Rep 2	Control (−131 a −126)	-15	-15	-14.009999999999998	-14.535555555555556	702	48.682520194748925	1.1106984690519992	46.50555119540701	50.85948919409084
Rep 2	Control (−131 a −126)	-14	-14	-13.000000000000002	-13.5217738791423	513	49.27300117711126	1.3397125176562774	46.64716464250496	51.89883771171756
Rep 2	Control (−131 a −126)	-13	-13	-12.000000000000002	-12.512210796915168	389	44.253838994675306	1.4480691455247319	41.41562346944683	47.09205451990378
Rep 2	Control (−131 a −126)	-12	-11.990000000000002	-11.009999999999996	-11.531302681992337	261	46.620453408615475	1.7827897596922284	43.126185479618705	50.114721337612245
Rep 2	Control (−131 a −126)	-11	-11	-10.000000000000002	-10.58520202020202	198	47.820914971276665	2.0542851034933007	43.794516168429794	51.847313774123535
Rep 2	Control (−131 a −126)	-10	-10	-9.019999999999998	-9.596355140186915	107	49.34622900576587	2.9505285749121444	43.563192998938064	55.12926501259368
Rep 2	Control (−131 a −126)	-9	-8.979999999999999	-8.01	-8.598709677419354	62	48.333342593312814	3.3597661766486966	41.74820088708137	54.91848429954426
Rep 2	Control (−131 a −126)	-6	-8	-3.27	-6.363033707865169	89	46.66356384522791	2.891675718387973	40.99587943718748	52.33124825326834
