rep	corte	estimate	conf.low	conf.high	p	n	n_ref
Rep 1	-10	0.19295013066798708	0.15047884171021259	0.23670508215770547	8.310404541483257e-20	1030	3077
Rep 1	-9.5	0.20274423648161283	0.15733140781782814	0.24958187457898975	2.3876862152807085e-19	931	3077
Rep 1	-9	0.21724571612464905	0.16936394065707344	0.2660148701158482	3.891668617359868e-20	844	3077
Rep 1	-8.5	0.23749275575712203	0.18666224516236632	0.2897891449360753	3.259973023079069e-21	765	3077
Rep 1	-8	0.24333520484589563	0.18928672864585933	0.2994303080972454	4.516842245596913e-20	691	3077
Rep 1	-7.5	0.27089226056086135	0.2132595226164747	0.3314814774879883	7.023248710593771e-22	620	3077
Rep 1	-7	0.27318035075778063	0.21318547528562912	0.3366970145262373	1.0642315699021862e-20	553	3077
Rep 1	-6.5	0.3101919844301503	0.24172527710583538	0.38367577626367044	5.677471415751963e-21	468	3077
Rep 1	-6	0.3347947268071504	0.2592958384626261	0.41635038371099387	5.296047521075158e-21	409	3077
Rep 1	-5.5	0.37002455693392405	0.2850136311861293	0.46416493044764695	1.576343807822109e-20	347	3077
Rep 1	-5	0.44250417822591803	0.34450910395145656	0.5544921241737512	3.1114693692075315e-23	286	3077
Rep 1	-4.5	0.43489385680702314	0.33023978549205096	0.5545825813276463	1.7522692884563038e-19	225	3077
Rep 1	-4	0.5230203074643444	0.38487935206220647	0.6917896025874201	2.8043541686422467e-18	173	3077
Rep 2	-10	0.15462316805411466	0.10377523579294515	0.20753463027353775	6.026005221694372e-10	1234	3605
Rep 2	-9.5	0.168684600492292	0.11544400684508177	0.22383552192238607	1.5112875702405e-10	1111	3605
Rep 2	-9	0.18986986254663515	0.13294178673848714	0.24760344948251953	8.296238979346446e-12	1008	3605
Rep 2	-8.5	0.21010781067094977	0.1498580638745293	0.27229401762312266	8.180009272237436e-13	907	3605
Rep 2	-8	0.21460656399786002	0.15015939636910647	0.2807287705850062	4.636347155367905e-12	820	3605
Rep 2	-7.5	0.2592391754348393	0.191797757587495	0.3318616885709939	4.6048523987708855e-15	737	3605
Rep 2	-7	0.24747513385043216	0.1767384022510449	0.32291836617836045	7.475423004996759e-13	653	3605
Rep 2	-6.5	0.30981949107319817	0.2272319374404924	0.3975058469357061	3.91750464017598e-15	550	3605
Rep 2	-6	0.3382039407738777	0.24786143921325282	0.43404872174647746	2.1764472404664276e-15	481	3605
Rep 2	-5.5	0.37068482338941483	0.2726612754358928	0.475856731205214	2.3721351503589443e-15	410	3605
Rep 2	-5	0.44327551392371256	0.3322469929560054	0.5611892532268287	1.1106330278794648e-16	338	3605
Rep 2	-4.5	0.44288647999996816	0.3218789007399935	0.5709214424080822	2.352798821932468e-14	267	3605
Rep 2	-4	0.4988712025213858	0.3511181503613398	0.6566560106830571	1.0309007627200955e-12	208	3605
