rep	ventana	bin	n	puntaje_mediana	puntaje_min	puntaje_max	act_pct_media	se	conf.low	conf.high
Rep 1	Canónica (−31 a −26)	< −16	6250	-19.900000000000002	-29.790000000000003	-16.01	48.442723681531255	0.3574157618005422	47.742188788402196	49.143258574660315
Rep 1	Canónica (−31 a −26)	−16 a −14	1249	-15.09	-16	-14.01	49.31287730245283	0.8168432738624516	47.711864485682426	50.91389011922324
Rep 1	Canónica (−31 a −26)	−14 a −12	801	-13.12	-14.000000000000002	-12.01	50.049851145648475	1.0089536257156078	48.07230203924588	52.027400252051066
Rep 1	Canónica (−31 a −26)	−12 a −10	493	-11.08	-12	-10.009999999999998	50.66018950710063	1.3274884113662655	48.05831222082275	53.262066793378516
Rep 1	Canónica (−31 a −26)	−10 a −8,17	315	-9.139999999999999	-9.989999999999998	-8.18	56.829049138151156	1.6303072286722717	53.6336469699535	60.02445130634881
Rep 1	Canónica (−31 a −26)	−8,17 a −7	162	-7.575000000000001	-8.17	-7.04	55.83038580561149	2.5323114709898205	50.867055322471444	60.79371628875154
Rep 1	Canónica (−31 a −26)	−7 a −6	144	-6.625	-7.000000000000001	-6.019999999999999	57.68597705830449	2.4881100174482813	52.809281424105855	62.56267269250312
Rep 1	Canónica (−31 a −26)	−6 a −5	123	-5.529999999999999	-6.000000000000001	-5.02	56.77432278293461	2.898949979455523	51.092380823201786	62.456264742667436
Rep 1	Canónica (−31 a −26)	≥ −5	286	-3.7049999999999996	-5.000000000000001	-0.2	67.9863813645121	1.746404274712844	64.56342898607492	71.40933374294927
Rep 1	Control (−131 a −126)	< −16	7196	-20.020000000000003	-29.779999999999998	-16.009999999999998	50.62802288744092	0.3384002079967074	49.964758479767376	51.291287295114465
Rep 1	Control (−131 a −126)	−16 a −14	1305	-15.149999999999999	-16	-14.009999999999998	48.46295477117207	0.8001875092323614	46.894587253076644	50.0313222892675
Rep 1	Control (−131 a −126)	−14 a −12	752	-13.16	-14	-12.01	48.658731809182164	1.0862660544387717	46.52965034248217	50.78781327588216
Rep 1	Control (−131 a −126)	−12 a −10	370	-11.16	-12.000000000000002	-10.01	47.6190240331963	1.5215194673286692	44.636845877232105	50.60120218916049
Rep 1	Control (−131 a −126)	−10 a −8,17	132	-9.315000000000001	-10.000000000000002	-8.18	47.421064647698735	2.5567356133928136	42.40986284544882	52.43226644994865
Rep 1	Control (−131 a −126)	−8,17 a −7	30	-7.664999999999999	-8.14	-7.06	45.7870087558542	5.42763486424451	35.14884442193497	56.42517308977344
Rep 1	Control (−131 a −126)	−7 a −6	15	-6.6000000000000005	-6.969999999999999	-6.0200000000000005	46.5743568859024	6.974971678037339	32.903412396949214	60.24530137485558
Rep 1	Control (−131 a −126)	−6 a −5	12	-5.7700000000000005	-5.97	-5.11	54.95401479671486	8.83031538048221	37.64659665096973	72.26143294245999
Rep 1	Control (−131 a −126)	≥ −5	11	-4.38	-4.920000000000001	-3.6499999999999995	30.813017159993336	8.888903107283342	13.390767069717985	48.23526725026869
Rep 2	Canónica (−31 a −26)	< −16	7346	-19.91	-29.790000000000003	-16.01	48.76776153437036	0.3294982509640831	48.121944962480754	49.41357810625996
Rep 2	Canónica (−31 a −26)	−16 a −14	1465	-15.09	-16	-14.01	49.84529361764163	0.7384734912371678	48.39788557481678	51.29270166046648
Rep 2	Canónica (−31 a −26)	−14 a −12	960	-13.119999999999997	-14.000000000000002	-12.01	50.505628157653	0.9406921616970755	48.661871520726734	52.349384794579265
Rep 2	Canónica (−31 a −26)	−12 a −10	608	-11.05	-12	-10.009999999999998	50.938684119875994	1.2082323383968003	48.570548736618264	53.306819503133724
Rep 2	Canónica (−31 a −26)	−10 a −8,17	386	-9.145	-10	-8.18	52.7739304882032	1.5848368356114266	49.6676502904048	55.8802106860016
Rep 2	Canónica (−31 a −26)	−8,17 a −7	195	-7.57	-8.17	-7.04	53.60440569879081	2.33606838531998	49.025711663563655	58.18309973401797
Rep 2	Canónica (−31 a −26)	−7 a −6	172	-6.610000000000001	-7.000000000000001	-6.019999999999999	52.841537222920955	2.3105692973939616	48.31282140002879	57.37025304581312
Rep 2	Canónica (−31 a −26)	−6 a −5	143	-5.49	-6.000000000000001	-5.02	55.674260290174864	2.7041225354466722	50.374180120699386	60.97434045965034
Rep 2	Canónica (−31 a −26)	≥ −5	338	-3.6499999999999995	-5.000000000000001	-0.39	63.88677699258266	1.7190733699019773	60.51739318757478	67.25616079759054
Rep 2	Control (−131 a −126)	< −16	8460	-20.04	-30.73	-16.009999999999998	50.85181710613216	0.31276198488832735	50.23880361575104	51.46483059651328
Rep 2	Control (−131 a −126)	−16 a −14	1534	-15.110000000000003	-16	-14.009999999999998	47.868662818349584	0.7391389496685767	46.419950476999176	49.31737515969999
Rep 2	Control (−131 a −126)	−14 a −12	901	-13.149999999999999	-14	-12.009999999999998	47.12889341387053	0.9889919682136776	45.19046915617172	49.067317671569334
Rep 2	Control (−131 a −126)	−12 a −10	458	-11.155	-12.000000000000002	-10.01	47.094370076430494	1.3440261824384574	44.46007875885112	49.72866139400987
Rep 2	Control (−131 a −126)	−10 a −8,17	168	-9.344999999999999	-10.000000000000002	-8.18	49.041888112461656	2.255019072469923	44.62205073042061	53.4617254945027
Rep 2	Control (−131 a −126)	−8,17 a −7	36	-7.735000000000001	-8.14	-7.050000000000001	50.5174245033873	4.2969245347532405	42.095452415270955	58.93939659150365
Rep 2	Control (−131 a −126)	−7 a −6	24	-6.68	-6.99	-6.0200000000000005	40.67236479503961	6.212505456388575	28.495854100518006	52.84887548956122
Rep 2	Control (−131 a −126)	−6 a −5	15	-5.75	-5.97	-5.11	47.07314272591572	7.230102367479614	32.90214208565568	61.24414336617576
Rep 2	Control (−131 a −126)	≥ −5	17	-4.399999999999999	-4.989999999999999	-3.27	46.22297420518328	6.063532320387694	34.3384508572234	58.107497553143155
